Username,Fullname,Profile URL,22 may,Historial 15 May,Historial 7 May,Provincia,Localidad,UbicaciÃ³n Jodify,Cantidad Eventos,Responsable,Historia,Fecha de publicaciÃ³n,BiografÃ­a
maquinal.maquinal,Maquinal | Espacio cultural,https://www.instagram.com/maquinal.maquinal,,,,Buenos Aires,GBA,CABA | GBA,Nueva,Facu,SÃ­,2024-05-28T18:58:24.000Z,Maquinal | Espacio cultural ğŸ“Anchorena 364 (CABA) Tickets y todos los links acÃ¡ ğŸ‘‡ linktr.ee/maquinal
nada_club,NADA.,https://www.instagram.com/nada_club,,,,Buenos Aires,GBA,CABA | GBA,1,Ramo,No,2024-05-28T21:02:05.000Z,NADA. NADA X MISSA 15/06 ENTRADAS â¬‡ï¸ www.passline.com/eventos/missa-x-nada
runaways.arg,Runaways,https://www.instagram.com/runaways.arg,,,,Buenos Aires,GBA,CABA | GBA,Nueva,Facu,No,2024-05-21T19:35:44.000Z,Runaways MirÃ¡ nuestros eventos en las historias destacadas Runaways
kompaz.crew,kompaz crew,https://www.instagram.com/kompaz.crew,No,,,CÃ³rdoba,CÃ³rdoba,CÃ³rdoba,1,Vila,No,2024-05-31T01:48:05.000Z,kompaz crew Marcos JuÃ¡rez - CÃ³rdoba â€”â€”â€”â€”â€”â€”â€”â€”â€”â€”â€”â€” ÊŸÉªá´ á´‡ á´›á´ á´›Êœá´‡ á´á´œsÉªá´„ ğ—ğ—¢ğ— ğ—£ğ—”ğ—­ á´‡ÊŸá´‡á´„á´›Ê€á´É´Éªá´„ á´á´œsÉªá´„ á´‡á´ á´‡É´á´›s
psymania.ar,PSYMANIA,https://www.instagram.com/psymania.ar,No,,,CÃ³rdoba,CÃ³rdoba,CÃ³rdoba,Nueva,Vila,No,2024-05-22T18:56:29.000Z,PSYMANIA Excelente mÃºsica asegurada NEXT DATE 17/05 By @juliannagella www.passline.com/eventos/1705-psymania-julianna-gella-fruta + 2
evolutioneventrosario,EVOLUTION,https://www.instagram.com/evolutioneventrosario,No,,,Santa Fe,Rosario,Rosario,1,Vila,SÃ­,2024-05-29T16:13:37.000Z,EVOLUTION Productora de eventos de mÃºsica electrÃ³nica. Pionera en Rosario desde el aÃ±o 1999. 14JUN SATOSHI TOMIIIE NICO RADA 05JUL BUDAKID MARTIN GARCIA www.passline.com/eventos/budakid-martin-garcia-audiodluxe-club-en-blue-velvet-by-evolution/evolution + 1
databari_,Data,https://www.instagram.com/databari_,,,,RÃ­o Negro,Bariloche,CABA | GBA,Nueva,Ramo,SÃ­,2024-03-29T23:14:04.000Z,Data ğŸªLa noche de Bariloche >> Toda la DATA resumida en un lugar ğŸ« links oficiales acÃ¡ğŸ‘‡ğŸ‘‡ğŸ‘‡ linktr.ee/databariloche
psadilla.z,,https://www.instagram.com/psadilla.z,,,,Buenos Aires,CABA,CABA | GBA,1,Ramo,SÃ­,2024-05-31T22:24:57.000Z,â›“ï¸CICLO DE HARD TECHNOâ›“ï¸ âš¡SEGUNDA FECHA 00/00/00âš¡ ğŸŸï¸ ENTRADAS POR DM ğŸŸï¸ ğŸ“ SÃ“TANO DE VOX (CABA)
tds_rave,TECHNO DONDE SEA,https://www.instagram.com/tds_rave,,,,Buenos Aires,GBA,CABA | GBA,1,Facu,No,2024-05-13T15:02:20.000Z,TECHNO DONDE SEA tds_rave Planificador de eventos â›“ï¸Productora de eventos #TECHNOâ›“ï¸ Desde 2018 ğŸ‘½ğŸ“Zona Sur, Bs.As. ğŸ‡¦ğŸ‡· ğŸ“© techno.donde.sea@gmail.com
presente.pro,Presente pro,https://www.instagram.com/presente.pro,No,Si,,CÃ³rdoba,CÃ³rdoba,CÃ³rdoba,1,Vila,No,2024-05-16T22:51:11.000Z,Presente pro ğŸ”œ PRESENTE PRODUCCIONES. ğŸš€ Nuevo Ciclo de mÃºsica electrÃ³nicağŸš€ ğŸ“CBA Anticipadas ğŸ‘‡ğŸ¼ğŸ‘‡ğŸ¼ ğŸ‡¦ğŸ‡· ticketpass.com.ar/event/1470
beat21producciones,BEAT 21 PRODUCCIONES âš¡ï¸,https://www.instagram.com/beat21producciones,No,Si,,CÃ³rdoba,CÃ³rdoba,CÃ³rdoba,1,Vila,SÃ­,2024-05-31T00:12:16.000Z,BEAT 21 PRODUCCIONES âš¡ï¸ Productora de Eventos ğŸ“»RADIO BEAT @beat.21radio www.ticketpass.com.ar/event/1487 + 1
elclubdelprogre,El Club Del Progre,https://www.instagram.com/elclubdelprogre,No,No,,Buenos Aires,GBA,CABA | GBA,Nueva,Vila,SÃ­,2024-05-31T23:32:58.000Z,El Club Del Progre ğŸ¶ Un ciclo de progressive en el oeste. ğŸ—“ Sab 25 de mayo @darksoulproject y mÃ¡s. ğŸ« Passline. ğŸ‘‡ğŸ»ğŸ‘‡ğŸ»ğŸ‘‡ğŸ» www.passline.com/eventos/niceshot-en-el-club-del-progre-185
buenosairesprogressive,Buenos AIRES Progressive,https://www.instagram.com/buenosairesprogressive,,,,Buenos Aires,GBA,CABA | GBA,Nueva,Ramo,No,2024-05-27T20:09:33.000Z,Buenos AIRES Progressive PRÃ“XIMA EXPERIENCIA: -18/5 - NICESHOT en @elclubdelprogre EARLY BIRDS, saca tu ticket antes que aumente. www.passline.com/eventos/club-cheka-sebastian-busto-en-el-club-del-progre
lalocandabar,La Locanda barâ€¢cocinaâ€¢libros,https://www.instagram.com/lalocandabar,,,,Uruguay,Colonia,,Nueva,Ramo,SÃ­,2024-05-15T00:08:40.000Z,La Locanda barâ€¢cocinaâ€¢libros Comunidad Bar ğŸ¸Cocina ğŸ´ Libros ğŸ“š Washington Barbot 167, Colonia, Uruguay 70000 www.lalocandabar.com
official_dessert_,Dessert,https://www.instagram.com/official_dessert_,,,,Chubut,Comodoro Rivadavia,Chubut,1,Ramo,No,2024-05-29T23:01:01.000Z,Dessert Next event 08 JULIO 2024 23.59hs. Saca tu entrada aca abajo. wearebombo.app.link/XF5PvGrj0Jb
underground.move,U.MOVE,https://www.instagram.com/underground.move,,,,RÃ­o Negro,Bariloche,RÃ­o Negro,Nueva,Ramo,SÃ­,2024-04-15T15:42:00.000Z,U.MOVE Made in San Carlos de Bariloche undrgrndn sound OPEN DECKS 12.10 UNDERGARDEN
agenciacrvel,ğ’¶ğ‘”ğ‘’ğ“ƒğ’¸ğ’¾ğ’¶ ğ’¸ğ“‡ğ“‹ğ‘’ğ“ ğŸ©¸,https://www.instagram.com/agenciacrvel,,,,Buenos Aires,CABA,CABA,Nueva,Facu,No,2024-03-20T22:17:27.000Z,ğ’¶ğ‘”ğ‘’ğ“ƒğ’¸ğ’¾ğ’¶ ğ’¸ğ“‡ğ“‹ğ‘’ğ“ ğŸ©¸ Arte y entretenimiento agencia y sello discogrÃ¡fico ğŸ‡¦ğŸ‡· bookings@agenciacrvel.com.ar agenciacrvel.com.ar
micrarecordings,MICRA RECORDINGS,https://www.instagram.com/micrarecordings,No,No,,Santa Fe,Rosario,Rosario,Nueva,Vila,No,2024-05-29T19:47:30.000Z,MICRA RECORDINGS linktr.ee/micrarecordings
indiaproducciones.ba,India Producciones,https://www.instagram.com/indiaproducciones.ba,,,,Buenos Aires,CABA,CABA | GBA,2,,No,2024-05-28T23:25:28.000Z,India Producciones Estudio de producciÃ³n de mÃºsica Productora de eventos musicales based in BA. Next Gig: 14. JUNIO Tickets ğŸ‘‡ğŸ» www.passline.com/eventos/india-sessions-4
midnight.collective.cl,Midnight Collective,https://www.instagram.com/midnight.collective.cl,,,,Chile,Rancagua,Chile,Nueva,Facu,No,2024-05-20T23:47:19.000Z,Midnight Collective Comunidad Promovemos el amor por la mÃºsica electrÃ³nica PrÃ³ximo encuentro 31-08-2024 ğŸ’€Rancagua
fpbeats,FP BEATSÂ®,https://www.instagram.com/fpbeats,No,No,,Buenos Aires,CABA,CABA | GBA,Nueva,Vila,No,2024-05-22T22:26:53.000Z,FP BEATSÂ® â—¾ï¸ Artists & events agency based in Buenos Aires, Argentina â—¾ï¸ We take fun seriously linktr.ee/fpbeats + 2
ocular.musicainteligente,,https://www.instagram.com/ocular.musicainteligente,,,,Buenos Aires,La Plata,La Plata,1,Facu,No,N/A,mÃºsica inteligente en La Plata
culture.cba,Culture,https://www.instagram.com/culture.cba,No,No,,CÃ³rdoba,CÃ³rdoba,CÃ³rdoba,Nueva,Vila,No,2024-04-26T23:08:47.000Z,Culture La pista de baile es nuestra trinchera. Nos encontremos en el club ğŸ’ Fotos y entradas acÃ¡ ğŸ‘‡ linktr.ee/culture.dance
royceoficial,ROYCE CLUB,https://www.instagram.com/royceoficial,,,,Buenos Aires,La Plata,La Plata,Nueva,Facu,SÃ­,2024-05-31T20:44:44.000Z,ROYCE CLUB Next dates ğŸš€ -01/06 @vitemusic & @miganova_official ğŸ‡²ğŸ‡½ -08/06 @cocho.music Calle 13 esquina 47, La Plata, Buenos Aires 1900 linktr.ee/royceclub
bruit.music,ğ—¯ğ—¿ğ˜‚ğ—¶ğ˜,https://www.instagram.com/bruit.music,,,,Colombia,Bogota,,Nueva,,No,2024-04-11T17:33:18.000Z,ğ—¯ğ—¿ğ˜‚ğ—¶ğ˜ Comunidad á´„á´œÊŸá´›á´œÊ€á´€ á´›á´‡á´„ÊœÉ´á´ á´œÉ´á´…á´‡Ê€É¢Ê€á´á´œÉ´á´… ğŸ§  Hypnotic Mind, Deep SoulğŸ«€ âš«ï¸ Co-productores @blackdancebgta soundcloud.com/bruit-music-bog + 2
blackdancebgta,BlackDance BogotaÌ ğŸ‘½,https://www.instagram.com/blackdancebgta,,,,Colombia,Bogota,,Nueva,,No,2024-05-17T15:12:24.000Z,BlackDance BogotaÌ ğŸ‘½ Festival Diciembre.2023 - à¼½ ğ– ¢êš³ê›ê›•âµ…â–¹ğ¤ êš¡âµ¦âµ‰ à¼¼ BogotÃ¡, Col ğŸ›¸ #thenightinblack #todosdenegro Info: 3173701596 - 3103262731 www.medellinstyle.com
grv.dvsn,ğ™‚ğ™ğ™Šğ™Šğ™‘ğ™€ ğ˜¿ğ™„ğ™‘ğ™„ğ™ğ™„ğ™Šğ™‰,https://www.instagram.com/grv.dvsn,,,,Colombia,Bogota,,Nueva,,SÃ­,2024-05-07T17:01:15.000Z,ğ™‚ğ™ğ™Šğ™Šğ™‘ğ™€ ğ˜¿ğ™„ğ™‘ğ™„ğ™ğ™„ğ™Šğ™‰ Comunidad Fieles a la buena mÃºsica ğŸ”Š JUN.15: GROOVE OVERDOSE II - RUIZ OSC1 ğŸ‡¨ğŸ‡´ JUL.20: TBA AGO.10: UFO95 + INNEXEN NOV.16: SETAOC MASS 4HRS â¬‡ï¸ LINK DE COMPRA â¬‡ï¸ wa.link/5l2xax
suspiria.rave,suspiria rave,https://www.instagram.com/suspiria.rave,,,,Buenos Aires,CABA,CABA | GBA,1,Ramo,No,2024-05-10T16:06:01.000Z,suspiria rave Evento techno | hard techno â›“ï¸ ğŸ“† NEXT DATE: 10/05 Niceto Vega 4959 ğŸ“ PALERMO
theinside.ba,The Inside,https://www.instagram.com/theinside.ba,No,No,Si,Buenos Aires,CABA,CABA | GBA,1,Vila,No,2024-05-29T22:51:11.000Z,The Inside Grupo de mÃºsica Buenos Aires | Argentina House Music Events & Community. TI Showcase - Youtube set - Link in Bio youtube.com/@theinside_ba?si=XgilLknxnSV-r33U
chauenbarofficial,CHAUEN BAR OFICIAL,https://www.instagram.com/chauenbarofficial,,,,Buenos Aires,Villa Gesell,Costa AtlÃ¡ntica,Nueva,Facu,No,2023-01-14T22:42:51.000Z,CHAUEN BAR OFICIAL La casa del Techno. Para consultas. ğŸ“±+54 9 2255 60-2599 Paseo 104 entre Av. 3 y 4, Villa Gesell 7165 wa.me/5492255602599
handles.ar,HANDLES,https://www.instagram.com/handles.ar,,,,Buenos Aires,CABA,CABA | GBA,1,Facu,No,2024-05-10T00:08:34.000Z,HANDLES Nos negamos a ser definidos por un Ãºnico sonido o gÃ©nero; es tu energÃ­a y tu pasiÃ³n lo que nos define. 4/5 primera ediciÃ³n. Tickets ğŸ‘‡ğŸ» venti.com.ar/evento/handles-melodic-techno-session-the-babylon-club-s-bado-4-5
magiari._,MAGIARI â–ªï¸,https://www.instagram.com/magiari._,No,No,No,CÃ³rdoba,CÃ³rdoba,CÃ³rdoba,Nueva,Vila,No,2024-05-09T22:32:10.000Z,MAGIARI â–ªï¸ Ciclo audio/visual de mÃºsica electrÃ³nica ğŸ“Cordoba capital, Argentina NEXT DATE : .
imcrewproductora,Imcrewproductora,https://www.instagram.com/imcrewproductora,,,,Buenos Aires,CABA,CABA | GBA,4,Ramo,SÃ­,2024-05-30T01:00:08.000Z,Imcrewproductora Productor Productora de @kikaoficialok @muelle_costanera www.passline.com/eventos/kika-stage-kikamiercoles-1704 + 1
niche_sounds,Niche Sounds,https://www.instagram.com/niche_sounds,No,No,No,Buenos Aires,CABA,CABA | GBA,1,Vila,SÃ­,2024-05-19T18:00:24.000Z,Niche Sounds niche_sounds Somos un nicho, una comunidad DJs @barbero.x @glitt.music Prod: @julic8 www.passline.com/eventos/niche-la-biblioteca-viernes-305
belongto_booking,ğ˜‰ğ˜Œğ˜“ğ˜–ğ˜•ğ˜ ğ™ğ™Š ğ˜½ğ™Šğ™Šğ™†ğ™„ğ™‰ğ™‚ Â®,https://www.instagram.com/belongto_booking,,,,Buenos Aires,CABA,CABA | GBA,0,Facu,No,N/A,ğ˜‰ğ˜Œğ˜“ğ˜–ğ˜•ğ˜ ğ™ğ™Š ğ˜½ğ™Šğ™Šğ™†ğ™„ğ™‰ğ™‚ Â® Producto/servicio âš¡ï¸Bookingâš¡ï¸ â¤ @belongto_music @guxjimenezz @juandeminicis ã€Lost&Found - Sudbeatã€‘ @nicolasbenedettimusic ã€Onedotsixtwoã€‘ + Info linktr.ee/Belongto
beatgarden_,Beat Garden Â®ï¸,https://www.instagram.com/beatgarden_,,,,RÃ­o Negro,RÃ­o Negro,RÃ­o Negro,0,Ramo,No,2024-03-04T23:54:20.000Z,Beat Garden Â®ï¸ ğŸŒ’Open Air ğŸ“Casa Quinta â€¢ Fernandez Oro â€¢ RÃ­o Negro linktr.ee/BeatGarden
electrip.trip,[ E L E C T R I P ],https://www.instagram.com/electrip.trip,,,,Colombia,,,0,,SÃ­,2024-05-31T23:08:26.000Z,[ E L E C T R I P ] TECHNO is our LifeStyle â¡ï¸09.06 INTRO @electripravecali @ruizosc1 @alexidelano @oe.spiel â¡ï¸02.08 PICANTE PREDOMINANTEğŸŒ¶ï¸ @bensimsofficial x @mixmag â–¶ï¸ youtu.be/AJk9a4xepq4?si=YfAAXTewktGZsXLU
xielo.palermo,XIELO PALERMO,https://www.instagram.com/xielo.palermo,,,,Buenos Aires,CABA,CABA | GBA,3,Ramo,No,2024-04-29T10:09:32.000Z,XIELO PALERMO (House/ Tech/ Progressive/ Melodic Techno) ğŸ•š Jueves 21 a 07 Hs (cena & boliche) ğŸ“² Contacto y reservas â¬‡ï¸ Armenia 1740, Palermo, Buenos Aires, Argentina
neuquenundertechno,NeuquenUnderTechno,https://www.instagram.com/neuquenundertechno,,,,NeuquÃ©n,NeuquÃ©n,NeuquÃ©n,2,Ramo,SÃ­,2024-05-21T15:58:18.000Z,NeuquenUnderTechno Productora de muÌsica electroÌnica referida al geÌnero TECHNO y los subgeÌneros dentro del mismo. Neuquen -NeuqueÌn -Patagonia Nxt: Crafter 31/05
clubferoz,LA FEROZ,https://www.instagram.com/clubferoz,,,,Buenos Aires,CABA,CABA | GBA,1,Facu,SÃ­,2024-05-23T01:09:47.000Z,LA FEROZ NEXT STOP 13/07 Tickets coming soon :)
darknessrave_,DARKNESS,https://www.instagram.com/darknessrave_,Si,,,Chile,Chile,Chile,Nueva,Vila,SÃ­,2024-04-26T15:54:40.000Z,DARKNESS PrÃ³xima fecha 31/08/2024 AMOR Y CULTURA
themusicroute,The Music Route,https://www.instagram.com/themusicroute,,,,Buenos Aires,La Plata,La Plata,Nueva,Facu,No,2024-05-27T23:28:31.000Z,The Music Route serie of events around the world ğŸŒ - tickets disponibles â¤µï¸ linktr.ee/themusicroute
glazba__,GLAZBA,https://www.instagram.com/glazba__,,,,NeuquÃ©n,NeuquÃ©n,NeuquÃ©n,1,Ramo,No,2024-05-15T20:48:10.000Z,GLAZBA Planificador de eventos ğŸŒ˜ Ciclo de MÃºsica ElectrÃ³nica ğŸ“NeuquÃ©n Capital â– 13/05 - VHAL & GASPY â¡ï¸
elroble.producciones,El ROBLE Producciones.,https://www.instagram.com/elroble.producciones,,,,Mendoza,Mendoza,Mendoza,1,Ramo,No,2024-05-30T21:42:38.000Z,El ROBLE Producciones. Arte y entretenimiento ğŸ·Mendoza, Argentina. @elroblewakecomplex @afterplaya @espacioarizu linktr.ee/under.pop
unendlichtechno,[Unendlich],https://www.instagram.com/unendlichtechno,,,,Buenos Aires,CABA,CABA | GBA,1,Ramo,No,2024-05-02T18:22:38.000Z,[Unendlich] Productor ğŸ‰SAB. 18 DE MAYO ğŸª©[ UNENDLICH ] âš¡ï¸CABA ğŸ«Capacidad limitada - Tickets x mensaje privado
konexion.ba,KONEXION,https://www.instagram.com/konexion.ba,,,,Buenos Aires,CABA,CABA | GBA,2,Facu,No,2024-05-20T23:59:59.000Z,KONEXION Evento Ciclo de techno Promoviendo el arte de la mÃºsica electrÃ³nica Espacio libre y gratuito ğŸ“@ache.paraje PrÃ³xima fecha 22/6 Av. Pres. Figueroa Alcorta 2170, Buenos Aires, Argentina 1010 youtube.com/@konexionBA
arvoc.club,,https://www.instagram.com/arvoc.club,,,,Buenos Aires,CABA,CABA | GBA,3,Ramo,SÃ­,2024-02-21T19:59:25.000Z,Comunidad ğŸ“ P. de la infanta, Arco 15, Palermo Jueves de ciclo de mÃºsica electrÃ³nica Reservas para cenar
medialunasessions,MEDIALUNA SESSIONS,https://www.instagram.com/medialunasessions,,,,Buenos Aires,CABA,CABA | GBA,1,Facu,No,2024-05-03T21:57:27.000Z,MEDIALUNA SESSIONS Get ready for the journey ğŸ¥âœ¨ Upcoming session #3 !
onebeat.producciones,One Beat Producciones,https://www.instagram.com/onebeat.producciones,No,Si,No,CÃ³rdoba,CÃ³rdoba,CÃ³rdoba,0,Vila,No,2024-05-17T14:50:53.000Z,One Beat Producciones Arte y entretenimiento Productora de eventos Villa MarÃ­a | CBA ğŸ‡¦ğŸ‡·
surrealismo.rec,ğš‚ğš„ğšğšğ™´ğ™°ğ™»ğ™¸ğš‚ğ™¼ğ™¾,https://www.instagram.com/surrealismo.rec,No,No,No,Santa Fe,Rosario,Rosario,1,Vila,SÃ­,2024-05-24T17:31:59.000Z,ğš‚ğš„ğšğšğ™´ğ™°ğ™»ğ™¸ğš‚ğ™¼ğ™¾ Sello discogrÃ¡fico Electronic Music Label by @vitti_alonso SR055 â€œQtee Rue, Delumia - Digital Worldâ€ â¬‡ï¸ LISTEN|DOWNLOAD â¬‡ï¸ li.sten.to/digitalw + 1
sound.valley.music,SOUND VALLEY,https://www.instagram.com/sound.valley.music,,,,Buenos Aires,CABA,CABA | GBA,0,Ramo,SÃ­,2024-06-03T14:44:02.000Z,SOUND VALLEY MÃºsica electrÃ³nica ğŸ‘½ğŸ‡¦ğŸ‡·ğŸ›¸ . HUMOR, INFORMACIÃ“N Y FIESTA âœ¨ï¸
cyclesigma,CYCLESIGMA. #sigmaproducciones,https://www.instagram.com/cyclesigma,No,No,No,CÃ³rdoba,CÃ³rdoba,CÃ³rdoba,1,Vila,No,2023-08-25T03:23:40.000Z,CYCLESIGMA. #sigmaproducciones Â¡Somos un ciclo de mÃºsica electrÃ³nica moviÃ©ndose por todo el paÃ­s! Sets del 04/05 in Boeing 737 â¬‡ï¸â¬‡ï¸â¬‡ï¸ youtu.be/NNXufPcwuGo?si=7O1eVuKSkE3ZGJ6C + 3
hype_producciones,HYPE producciones,https://www.instagram.com/hype_producciones,No,No,No,Santa Fe,Rosario,Rosario,0,Vila,No,2024-04-25T00:22:40.000Z,HYPE producciones Planificador de eventos â€¢ We are HYPEâ€¢ Productora de eventos. Jueves en @almirante.pichincha
_backtothebasic,backtothebasic,https://www.instagram.com/_backtothebasic,No,No,No,Santa Fe,Rosario,Rosario,1,Vila,No,2024-04-10T19:36:59.000Z,backtothebasic Ciclo de MÃºsica ElectrÃ³nica. Bookings From Rosario Argentina.
dasleben.arg,Das Leben,https://www.instagram.com/dasleben.arg,No,Si,Si,Santa Fe,Rosario,Rosario,4,Vila,No,2024-05-13T15:15:07.000Z,Das Leben ğŸª© Club Sessions ğŸ“Alvear esq. Salta. Rosario, Argentina ğŸ‘‡ğŸ½ Tickets disponibles Sumate a nuestro canalğŸ‘‡ğŸ½ linktr.ee/dasleben
_astrofest,#ASTROFEST,https://www.instagram.com/_astrofest,,,,RÃ­o Negro,El Bolson,RÃ­o Negro,1,Ramo,No,2023-08-10T15:47:16.000Z,#ASTROFEST Ciclo de Fiestas AstrolÃ³gicas â˜„ï¸ ğŸ“Patagonia ARG PRÃ“XIMA FECHA: Dom 16.06 GEMINIS â™Š Registro de la PISCIS FULLMOON: drive.google.com/drive/folders/16bAGTnbanUhxLXp01BvjSozvPNa2L9dE?usp=drive_link
wavehouse_music,WaveHouse,https://www.instagram.com/wavehouse_music,,,,Formosa,Ciudad de Formosa,Formosa,0,Facu,No,2024-04-09T22:47:21.000Z,WaveHouse Ciclos de eventos de mÃºsica electrÃ³nica ğŸ—“ï¸ Next date: ğŸ”œ ğŸ“Formosa ğŸ‡¦ğŸ‡· centralticket.net/Wavehouse
lucent.music,LUCENT,https://www.instagram.com/lucent.music,,,,Buenos Aires,CABA,CABA | GBA,0,Ramo,SÃ­,2019-07-26T21:42:56.000Z,LUCENT Planificador de eventos Somos LUCENT MUSIC. ğŸ”· . Barco 20-4 â¬‡ï¸ www.passline.com/eventos/boat-experience
insideba.oficial,INSIDE.BA,https://www.instagram.com/insideba.oficial,,,,Buenos Aires,CABA,CABA | GBA,1,Facu,No,2024-02-07T23:14:59.000Z,INSIDE.BA Planificador de eventos âšœï¸Bienvenidos a InsideBAâšœï¸ â– Productora de mÃºsica electrÃ³nica ğŸ“† 07.04 ExhibiciÃ³n N2 By @groove.2.0 ğŸ“Buenos Aires ğŸ‡¦ğŸ‡· drive.google.com/drive/folders/1gs8CedLxD8AxUJaVyZVMcFV-AxTIiMut?usp=sharing
lacabinacba,La Cabina,https://www.instagram.com/lacabinacba,No,No,no,CÃ³rdoba,CÃ³rdoba,CÃ³rdoba,5,Vila,No,2023-08-15T17:04:43.000Z,La Cabina MÃºsico/grupo de mÃºsica Dj set www.ticketpass.com.ar/event/1412
prana.pro,Prana,https://www.instagram.com/prana.pro,,,,TucumÃ¡n,Yerba Buena,TucumÃ¡n,1,Facu,No,2024-04-16T23:36:52.000Z,Prana Planificador de eventos Fuerza Vital ğŸŒ¿âœ¨ğŸ¤ www.passline.com/eventos/prana
aticostd82,Atico StD,https://www.instagram.com/aticostd82,,,,Buenos Aires,Mar del Plata,Mar del Plata,1,Facu,No,N/A,N/A
bioma.ba,BIOMA â™ ï¸,https://www.instagram.com/bioma.ba,,,,Buenos Aires,CABA,CABA | GBA,1,Facu,No,2024-04-10T23:18:30.000Z,BIOMA â™ ï¸ Evento SABADO 25 de MAYO Frida Club Av. Dorrego 1735 Palermo Hollywood www.passline.com/eventos/braco-mayo-2024/bioma
jokergroover,The Joker,https://www.instagram.com/jokergroover,,,,Paraguay,,,0,,No,2024-04-13T15:40:21.000Z,The Joker DÃ©jate sorprenderğŸƒ #thejokerexperience itâ€™s coming
grooveandflavorchile,Groove & Flavor Chile,https://www.instagram.com/grooveandflavorchile,Si,,,Chile,Santiago de Chile,Chile,1,Vila,No,2024-05-21T22:40:29.000Z,Groove & Flavor Chile Comunidad
liquidme_,LIQUIDME drum and bass sessions,https://www.instagram.com/liquidme_,,,,Buenos Aires,CABA,CABA | GBA,1,Ramo,No,2024-06-01T00:10:15.000Z,LIQUIDME drum and bass sessions liquidme_ PrÃ³xima session: DOM.16.JUN PRODUCE: @quid.junglistgroup yt.openinapp.co/gc54f + 2
pendulo.ciclo,Pendulo,https://www.instagram.com/pendulo.ciclo,No,No,no,CÃ³rdoba,CÃ³rdoba,CÃ³rdoba,1,Vila,No,2024-04-06T02:28:13.000Z,Pendulo 30/04/ VOL I @ EUROPA CLUB VOL II JULIOğŸ”œğŸ”œğŸ”œ
strongbass.prod,STRONG BASS,https://www.instagram.com/strongbass.prod,No,No,no,CÃ³rdoba,CÃ³rdoba,CÃ³rdoba,1,Vila,No,2024-05-13T18:19:18.000Z,STRONG BASS Next - 19.04.24 ğŸ’£ Only Hard Bass Music â›“ NO BPM LIMITS centralticket.net/strongbass
ciclo.thepoint,áµ—Ê°áµ‰point,https://www.instagram.com/ciclo.thepoint,No,No,no,CÃ³rdoba,CÃ³rdoba,CÃ³rdoba,1,Vila,No,2024-05-28T14:35:07.000Z,áµ—Ê°áµ‰point Arte y entretenimiento â†’ Next gig // SAB 15 JUN â†’ Lugar: @chillistreetclub Escucha el nuevo set de Finally Alone acÃ¡ â†“â†“â†“ shorturl.at/dgmv6
holographic.techno,HOLOGRAPHIC,https://www.instagram.com/holographic.techno,Si,Si,no,Buenos Aires,CABA,CABA | GBA,1,Vila,SÃ­,2024-06-02T21:08:35.000Z,HOLOGRAPHIC Arte y entretenimiento ğŸ“CABA [VOL. X] 22/6 TBA ğŸ§¬ğŸŒŸ Ãšltimas tanda Pre-FlyerğŸ“¥ linktr.ee/holographictechno + 1
the.house._,ğ—§ ğ—› ğ—˜ â€¢ ğ—› ğ—¢ ğ—¨ ğ—¦ ğ—˜ Â®ï¸,https://www.instagram.com/the.house._,,,,Chile,Valparaiso,Chile,0,Facu,SÃ­,2024-05-31T23:40:53.000Z,ğ—§ ğ—› ğ—˜ â€¢ ğ—› ğ—¢ ğ—¨ ğ—¦ ğ—˜ Â®ï¸ Comunidad ğ™‡ğ™– ğ™˜ğ™–ğ™¨ğ™– ğ™¤ğ™›ğ™ğ™˜ğ™ğ™–ğ™¡ ğ™™ğ™šğ™¡ ğ™ğ™€ğ˜¾ğ™ƒğ™‰ğ™Š ğŸ’¥ ğŸ”» ğ˜ğ˜¢ğ˜­ğ˜±ğ˜¢ğ˜³ğ˜¢ğ˜ªğ˜´ğ˜° ğŸ‡¨ğŸ‡± ğ˜‹ğ˜¦ğ˜´ğ˜¤ğ˜¢ğ˜³ğ˜¨ğ˜¢ ğ˜¯ğ˜¶ğ˜¦ğ˜´ğ˜µğ˜³ğ˜¢ ğ˜ˆğ˜—ğ˜— & ğ˜¢ğ˜¤ğ˜¤ğ˜¦ğ˜¥ğ˜¦ ğ˜¢ ğ˜¶ğ˜¯ ğ˜®ğ˜¶ğ˜¯ğ˜¥ğ˜° ğ˜¥ğ˜¦ ğ˜£ğ˜¦ğ˜¯ğ˜¦ğ˜§ğ˜ªğ˜¤ğ˜ªğ˜°ğ˜´ğŸ“²ğŸ”½ taplink.cc/thehouse
amatistaloungebar,Amatista Lounge Bar,https://www.instagram.com/amatistaloungebar,,,,Buenos Aires,La Plata,La Plata,2,Facu,SÃ­,2024-05-25T21:11:44.000Z,Amatista Lounge Bar Comunidad lovers of good energy. ğŸ Resto & bar de cocteleria. ğŸ·Jueves a SÃ¡bado desde las 19:00 hs. Calle 50 724, La Plata, Buenos Aires 1900
ftmunderground,FeelTheMusic,https://www.instagram.com/ftmunderground,,,,Chile,Santiago de Chile,Chile,1,Ramo,No,2024-05-28T00:11:47.000Z,FeelTheMusic Resistencia Underground â¤ï¸ www.passline.com/eventos/viernes-26-party-day-off-chicureo
laviejaescuelacultobar,LA VIEJA ESCUELA CULTO BAR,https://www.instagram.com/laviejaescuelacultobar,Si,,,Chile,Santiago de Chile,Chile,0,Vila,SÃ­,2024-05-30T23:54:28.000Z,LA VIEJA ESCUELA CULTO BAR Bar ""Un club de culto, en el pueblo mÃ¡s lindo del sur de Chile"" Colo Colo 450, PucÃ³n Chile - Restobar - Fiestas (+20M +25H) - Bandas - Stand Comedy - Pool
lumiere.cl,LumieÌre,https://www.instagram.com/lumiere.cl,,,,Chile,Sur de Chile,Chile,0,Facu,SÃ­,2024-03-05T21:00:58.000Z,LumieÌre Artista ğŸ“PucÃ³n Ciclo de fiestas electrÃ³nicas al sur de Chile. PrÃ³xima fecha: Viernes 19 de Abril lumiere.evently.cl
santoremediocl,Santo Remedio,https://www.instagram.com/santoremediocl,,,,Chile,Santiago de Chile,Chile,4,Ramo,SÃ­,2024-06-03T16:34:20.000Z,Santo Remedio Comunidad #NoTanSanto ğŸ˜ˆ Mar - 18:00 a 00:30 ğŸ» Mie a Vie 18:00 a 02:30 ğŸ”¥ Sab - 19:00 a 03:00 ğŸ¹ Reservas & Tickets ğŸ‘‡ğŸ» RomÃ¡n DÃ­az 152, Providencia, Santiago, Chile 7500000 linktr.ee/santoremediocl
booth.panama,Booth (PanamaÌ),https://www.instagram.com/booth.panama,,,,Panama,,Panama,0,,SÃ­,2023-03-23T17:17:45.000Z,Booth (PanamaÌ) Comunidad â€¢ 6 Jul w/ @chuslesteban ğŸ‡µğŸ‡¦ Since 2014 / Electronic Music
nature_rec,NATURE,https://www.instagram.com/nature_rec,,,,Panama,,Panama,0,,No,2024-05-24T12:59:00.000Z,NATURE Sello discogrÃ¡fico â€¢ ğŸŒ¿âœ¨Good Vibes, Hipnotism and feelings in a totally Natural Music Journey â€¢ Record Label â€¢ Outdoor & Indoor Party â€¢ Nature Selects linktr.ee/Nature_rec
viuz____,VIUZ,https://www.instagram.com/viuz____,,,,Colombia,Antioquia,Colombia,0,,SÃ­,2024-06-02T15:06:31.000Z,VIUZ viuz____ Discoteca y club nocturno #showyoursoul ğŸª¬ MÃ¡s allÃ¡ de la fiesta, conectamos con tu alma a travÃ©s de la mÃºsica viuz.com.co
electricanimals_,Electric Animals,https://www.instagram.com/electricanimals_,,,,Costa Rica,San Jose,Costa Rica,0,,No,2024-04-17T21:58:47.000Z,Electric Animals electricanimals_ MÃºsico/grupo de mÃºsica DJ Collective & Event Brand starticket.cr/en/e/3278 + 2
nexus__techno,ğğ„ğ—ğ”ğ’ ğ‘ğ„ğ‚ğğ‘ğƒğ’,https://www.instagram.com/nexus__techno,Si,No,no,Buenos Aires,GBA,CABA | GBA,0,Vila,No,2024-05-14T16:52:54.000Z,ğğ„ğ—ğ”ğ’ ğ‘ğ„ğ‚ğğ‘ğƒğ’ Sello discogrÃ¡fico Buenos Aires , Argentina ğ—˜ğ˜ƒğ—²ğ—»ğ˜ğ˜€ ğ—£ğ—¿ğ—¼ğ—±ğ˜‚ğ—°ğ—²ğ—¿ INDUSTRIAL / SCHRANZ / HARDCORE TECHNO
gravity.cr,Gravity,https://www.instagram.com/gravity.cr,,,,Chubut,Comodoro Rivadavia,Chubut,0,Ramo,No,2024-04-29T00:10:13.000Z,Gravity www.passline.com/eventos/nicolas-taboada-en-gravity
baumfestivalchile,Baum Festival Chile,https://www.instagram.com/baumfestivalchile,Si,,,Chile,Santiago de Chile,Chile,2,Vila,SÃ­,2024-06-03T14:54:41.000Z,Baum Festival Chile Evento 24-25 de Mayo | Parque Fisa, Santiago de Chile www.baumfestivalchile.com + 1
deals.arg,Deals,https://www.instagram.com/deals.arg,No,No,no,Corrientes,Ciudad de Corrientes,Corrientes,1,Vila,No,2024-05-22T21:05:05.000Z,Deals Un contrato de experiencia elevada. linktr.ee/deals.arg
_astraltrip_,A S T R A L T R I P,https://www.instagram.com/_astraltrip_,,,,Buenos Aires,GBA,CABA | GBA,4,Facu,SÃ­,2024-05-28T23:33:07.000Z,A S T R A L T R I P Planificador de eventos ğŸ’¿ Productora & Bookings de Artistas ğŸ‡¦ğŸ‡· MUSICA ELECTRONICA / RAVE ğŸ§ CEO: @insomnia_arg . â¬‡ï¸ğŸ”¥ PRÃ“XIMO EVENTOğŸ”¥â¬‡ï¸ revamos.com.ar/eventos/or-or-25-26
onairmusicarg,On Air Music,https://www.instagram.com/onairmusicarg,,,,La Rioja,La Rioja,La Rioja,1,Facu,No,2023-10-04T22:06:28.000Z,On Air Music onairmusicarg Experiencias Ãºnicas con artistas en locaciones extraordinarias alrededor del mundo haciendo a la mÃºsica parte del paisaje onairmusic.art
mtm.idd,MTM.,https://www.instagram.com/mtm.idd,,,,Santiago del Estero,Santiago del Estero,Santiago del Estero,0,Facu,No,2024-05-10T23:03:31.000Z,MTM. Planificador de eventos Sgo del estero, Argentina
shakerclub.music,SHAKER â˜ï¸âƒ¤,https://www.instagram.com/shakerclub.music,No,No,no,Misiones,Puerto Rico,Misiones,0,Vila,No,2024-05-07T15:50:09.000Z,SHAKER â˜ï¸âƒ¤ Arte y entretenimiento SAB 11 MAYO @ EZEQUIEL ARIAS Ãºltimos ğŸ« Ingresos: ğŸ‘‡ğŸ» centralticket.net/event/2395
fuegodevidafestival,FUEGO DE VIDA,https://www.instagram.com/fuegodevidafestival,,,,Buenos Aires,GBA,CABA | GBA,0,Ramo,SÃ­,2024-05-28T21:58:55.000Z,FUEGO DE VIDA á´‡á´ á´‡É´á´›á´ á´á´œêœ±Éªá´„á´€ÊŸ ğŸ”¥ğŸ”¥ VIVÃ LA EXPERIENCIA #progressivehouse www.fuegodevidafestival.com
rollthedice.prod,ROLL THE DICE,https://www.instagram.com/rollthedice.prod,Si,No,no,Buenos Aires,CABA,CABA | GBA,2,Vila,SÃ­,2024-05-31T16:53:35.000Z,ROLL THE DICE Welcome to the party ğŸ²âš¡ï¸ğŸ² Next: 6.06 @pauljamesnolan Get your ticket hereğŸ‘‡ linktr.ee/rollthediceprod
radikals.techno,Radikals Techno (RDK),https://www.instagram.com/radikals.techno,,,,Buenos Aires,CABA,CABA | GBA,3,Ramo,SÃ­,2024-06-03T00:00:34.000Z,Radikals Techno (RDK) Club privado info@rdkprod.com www.youtube.com/@radikalsessions + 1
theklanchile,TheKlan | Events & Music,https://www.instagram.com/theklanchile,,,,Chile,Santiago de Chile,Chile,0,Facu,SÃ­,2024-06-02T14:53:50.000Z,TheKlan | Events & Music theklanchile Planificador de eventos ğŸ”¥Events ğŸ§Music ğŸ’¡TikTok @theklanchile âš¡VIP MESA > assistant@theklan.cl Todos nuestros eventos aquÃ­ ğŸ‘‡ğŸ» linkr.bio/TheKlanEventos
piknicscl,Piknic EÌlectronik Santiago,https://www.instagram.com/piknicscl,,,,Chile,Santiago de Chile,Chile,0,Ramo,No,2024-05-15T21:56:13.000Z,Piknic EÌlectronik Santiago ğŸª©ğŸŒˆğŸ‰ğŸŒ³ğŸ¤© Â¡Nos vemos la prÃ³xima temporada! linktr.ee/piknicscl
escenaelectronica,ESCENA ELECTROÌNICA,https://www.instagram.com/escenaelectronica,Si,,,Chile,,Chile,0,Vila,SÃ­,2024-06-03T15:14:29.000Z,ESCENA ELECTROÌNICA ğŸ­ğŸ® ğ’‚Ã±ğ’ğ’” ğ’Šğ’ğ’‡ğ’ğ’“ğ’ğ’‚ğ’ğ’…ğ’ ğ’ğ’ğ’” ğ‘´ğ’†ğ’‹ğ’ğ’“ğ’†ğ’” ğ‘¬ğ’—ğ’†ğ’ğ’•ğ’ğ’” ğ’…ğ’† ğ‘ªğ’‰ğ’Šğ’ğ’† ğŸ‡¨ğŸ‡± www.passline.com/eventos/complot-night-christian-smith-tinkerhell
kaos_technocl,K A O S,https://www.instagram.com/kaos_technocl,,,,Chile,Santiago de Chile,Chile,0,Facu,SÃ­,2023-02-15T15:26:28.000Z,K A O S Comunidad ğŸ”–ğ•‹ğ•–ğ•”ğ•™ğ•Ÿğ•  â€¢ â„™ğ•–ğ•£ğ•—ğ• ğ•£ğ•ğ•’ğ•Ÿğ•”ğ•– â€¢ â„ğ•–ğ•¤ğ•¡ğ•–ğ•”ğ•¥ âš«ğ•¶ğ–‘ğ–†ğ–“ ğ•¶ğ–†ğ–”ğ–˜ âš«ğ•¶ğ–†ğ–”ğ–˜ ğ–ˆğ–ğ–—ğ–ˆğ–šğ–ğ–™ ğŸŸ£Voragine @clubroomchile Santiago, Chile.
dgtl.santiago,DGTL Santiago,https://www.instagram.com/dgtl.santiago,,,,Chile,Santiago de Chile,Chile,0,Ramo,No,2024-05-31T20:24:41.000Z,DGTL Santiago 9 y 10 mayo, 2025 Espacio Riesco linktr.ee/dgtlsantiago
technoeventos.cl,Techno Eventos,https://www.instagram.com/technoeventos.cl,Si,,,Chile,Santiago de Chile,Chile,0,Vila,SÃ­,2024-05-31T16:00:36.000Z,Techno Eventos Planificador de eventos 19 de Junio @cl.tx @cassie_raptor @im.kessler 15 de Julio @inndrive 14 de Agosto @paulvandyk 11 de Octubre @respirafestival.cl www.technoeventos.cl
misa.chile,M I S âˆ† Â®,https://www.instagram.com/misa.chile,,,,Chile,Santiago de Chile,Chile,1,Facu,SÃ­,2024-06-02T01:45:37.000Z,M I S âˆ† Â® ğ•‹ğ• ğ••ğ• ğ•¤ ğ•ğ• ğ•¤ ğ”»ğ• ğ•ğ•šğ•Ÿğ•˜ğ• ğ•¤ SANTIAGO #weareconnectedmusic @wac.music â‡© Link de compra MISâˆ† â‡© linktr.ee/misachile
clubroomchile,Club Room,https://www.instagram.com/clubroomchile,,,,Chile,Santiago de Chile,Chile,2,Ramo,SÃ­,2024-05-24T14:51:56.000Z,Club Room Sala de eventos y espectÃ¡culos El club de mÃºsica electrÃ³nica mÃ¡s grande de Chile ğŸ‡¨ğŸ‡± Link de compra para eventos ğŸ‘‡ linktr.ee/clubroomcl
journey.electronicmusic,âœˆï¸
 ğ™‰ğ™šğ™­ğ™© ğ™™ğ™–ğ™©ğ™š: 13.04.24,https://www.instagram.com/journey.electronicmusic,,,,Buenos Aires,GBA,CABA | GBA,0,Facu,No,2024-05-13T18:47:36.000Z,Journey âœˆï¸ Electronic Music ğŸ§ journey.electronicmusic Planificador de eventos ğŸŒ” Feel The JOURNEY & Dance in itğŸŒ’ É´á´œá´‡êœ±á´›Ê€á´€êœ± á´‡á´…Éªá´„Éªá´É´á´‡êœ±, á´›ieneÉ´ á´‡êœ±á´„á´€ÊŸá´€êœ± á´‡É´ á´„á´€á´…á´€ É¢á´‡É´á´‡Ê€á´ á´…á´‡ ÊŸá´€ á´Ãšêœ±Éªá´„á´€ á´‡ÊŸá´‡á´„á´›Ê€Ã“É´Éªá´„á´€ âœˆï¸ ğ™‰ğ™šğ™­ğ™© ğ™™ğ™–ğ™©ğ™š: JULY/24 drive.google.com/drive/folders/142muTCYsaJ_ayaxqa2zZzqHVKbgqHndn + 1
metrica_col,MÃ‰TRICA,https://www.instagram.com/metrica_col,,,,Colombia,Colombia,Colombia,0,,No,2023-10-01T18:23:02.000Z,MÃ‰TRICA metrica_col ğ˜›ğ˜ğ˜Œ ğ˜Šğ˜ğ˜™ğ˜Šğ˜œğ˜ğ˜› ğ˜ğ˜™ğ˜–ğ˜–ğ˜ğ˜Œ Electronic music events linktr.ee/thecircuitgroove
evermore.prod,Evermore âœ³ Productora de Eventos,https://www.instagram.com/evermore.prod,No,No,no,Buenos Aires,CABA,CABA | GBA,1,Vila,No,2024-05-23T00:15:41.000Z,Evermore âœ³ Productora de Eventos Planificador de eventos ğŸ”¶ï¸ Nos une el amor por la mÃºsica ğŸ”¶ï¸
bambamusic.ok,BAMBA CLUB,https://www.instagram.com/bambamusic.ok,,,,TucumÃ¡n,TucumÃ¡n,TucumÃ¡n,2,Facu,No,2024-05-30T15:59:42.000Z,BAMBA CLUB â€” Club social de mÃºsica electrÃ³nica â€” +24 | Av. Aconquija 1493 - #savethedate >> vie 14.06 - TBA - ğŸ“Yerba Buena, TucumÃ¡n drive.google.com/drive/u/4/folders/1nD_xDZ4HYk4xZcCv7OmhzghFcpwtX_j0
kultoo.club,Kultoo.wtc,https://www.instagram.com/kultoo.club,,,,Uruguay,Montevideo,Uruguay,0,Ramo,No,2024-05-06T21:03:34.000Z,Kultoo.wtc Comunidad Nos importa la mÃºsica, nos importas vos. linktr.ee/kultoo
noise.ros,NOISE ğŸŒ˜,https://www.instagram.com/noise.ros,,,,Santa Fe,Rosario,Rosario,1,Vila,No,N/A,N/A
gigtechno,Gig Techno Record Label,https://www.instagram.com/gigtechno,,,,Buenos Aires,CABA,CABA | GBA,3,Ramo,SÃ­,2024-05-20T19:34:33.000Z,Hard Techno y Rave music gigtechno El fervor del hard techno ğŸ Next: viernes 7.6 ğŸ‘‡ğŸ½ www.passline.com/eventos/gig-techno-rave-2
futura.ba_,Futura,https://www.instagram.com/futura.ba_,Si,Si,si,Buenos Aires,CABA,CABA | GBA,7,Vila,SÃ­,2024-05-31T19:30:00.000Z,Futura á´¡á´‡ÊŸá´„á´á´á´‡ á´›á´ á´›Êœá´‡ É´á´‡á´¡ á´‡Ê€á´€ ğŸª â¤ 01/6 pres. @_inner_ofc ğŸª½ â¤ 08/6 pres. @agustinficarra ğŸ‘¾ planout.ar/channel/ar/event/2199-futura-0106 + 2
carnada.arg,PRODUCTORA EMERGENTE,https://www.instagram.com/carnada.arg,No,No,no,Misiones,Posadas,Misiones,0,Vila,SÃ­,2024-05-24T23:31:43.000Z,PRODUCTORA EMERGENTE Planificador de eventos Next Date 01 / 06 - La AventurağŸŸï¸ğŸ‘‡ centralticket.net/carnadapresentaburna
unknownproducciones,UÉ´á´‹É´á´á´¡É´ PÊ€á´á´…á´œá´„á´„Éªá´É´á´‡êœ±,https://www.instagram.com/unknownproducciones,No,No,si,Santa Fe,Rosario,Rosario,3,Vila,No,2024-05-06T16:09:32.000Z,UÉ´á´‹É´á´á´¡É´ PÊ€á´á´…á´œá´„á´„Éªá´É´á´‡êœ± Eá´ á´‡É´á´›á´êœ± á´…á´‡ á´á´œêœ±Éªá´„á´€ á´‡ÊŸá´‡á´„á´›Ê€Ã³É´Éªá´„á´€ #Cá´œÊŸá´›á´œÊ€á´€Dá´‡CÊŸá´œÊ™ ğŸ“Rosario ğŸ“Formosa
sublimeproductoraok,SUBLIME Productora,https://www.instagram.com/sublimeproductoraok,No,No,no,Catamarca,Catamarca,Catamarca,1,Vila,No,2024-05-25T15:00:54.000Z,SUBLIME Productora Productor Productora de eventos y festivalesğŸ’¡ NEXT DATE â¡ï¸ 14.JUNIO.2024 ğŸ§@stjepanek_ ğŸ§ @valenvazquez.dj TICKETS â¬‡ï¸ alpogo.com/evento/stjepanek-valen-vazquez-x-sublime-15231
tribet_producciones,TRIâ™¦BET producciones,https://www.instagram.com/tribet_producciones,No,No,no,Catamarca,Catamarca,Catamarca,0,Vila,No,2024-04-10T16:45:31.000Z,TRIâ™¦BET producciones MÃºsica electronicaÂ  c a t a m a r c aÂ  |Â  a r g e n t i n a
supra_rosario,SUPRA,https://www.instagram.com/supra_rosario,No,No,no,Santa Fe,Rosario,Rosario,1,Vila,SÃ­,2024-05-29T22:10:53.000Z,SUPRA NEXT DATE: 20 de junio TICKETS DISPONIBLES â¬‡ï¸â¬‡ï¸â¬‡ï¸ www.passline.com/eventos/supra-club-mode-2da-edicion
_____koolkidz,,https://www.instagram.com/_____koolkidz,,,,Buenos Aires,CABA,CABA | GBA,0,Facu,No,2024-04-05T21:46:30.000Z,Ğºğ‘œáµ’ğ‹ á´„á´á´á´á´œÉ´Éªá´›Ê ĞŒÎ¹á—ªz @sektor13___ @jetbuenosaires
oddityarg,ODDITY,https://www.instagram.com/oddityarg,No,No,no,Buenos Aires,CABA,CABA | GBA,0,Vila,No,2024-04-03T22:05:08.000Z,ODDITY linktr.ee/oddityarg
target.ba,TARGET,https://www.instagram.com/target.ba,,,,Uruguay,Montevideo,Montevideo,1,Ramo,No,2024-05-14T00:28:57.000Z,TARGET Evento ğŸ³ï¸â€ğŸŒˆ Tech ClubğŸ“Buenos Aires. ğŸš€ TARGET #5 | LUNES 8 JULIO Club Araoz - Araoz 2424 linktree.com/target.ba
delay.uy,DELAY,https://www.instagram.com/delay.uy,,,,Uruguay,Montevideo,Montevideo,0,Ramo,No,2024-05-21T16:28:18.000Z,DELAY Gira de conciertos Eventos de MÃºsica ElectrÃ³nicağŸ•ºğŸ½ Montevideo Rio Branco - Cerro Largo
new.home.prod,New Home,https://www.instagram.com/new.home.prod,,,,Buenos Aires,La Plata,La Plata,2,Facu,SÃ­,2024-05-28T23:00:33.000Z,New Home Producer @yolemarcucci ğŸ¬ Resident @martin.angrisano.music ğŸ§ PrÃ³xima ediciÃ³n: 08/06 ğŸ‘¾ @clubberlinlaplata ğŸª© Ingresos ğŸ« â¬‡ï¸ revamos.com.ar/eventos/new-home-5ta-edicion-0806
produ.darkmoon,Dark Moon ğŸŒ˜,https://www.instagram.com/produ.darkmoon,,,,Buenos Aires,GBA,CABA | GBA,1,Ramo,No,N/A,N/A
elbloqueproductora,EL BLOQUE,https://www.instagram.com/elbloqueproductora,,,,Buenos Aires,CABA,CABA | GBA,1,Facu,No,2024-06-03T15:46:19.000Z,EL BLOQUE ğŸš€ Somos comunidad: Producimos comunidad. ğŸª Progressive House â­ï¸ Next Stop: 7/06 ğŸ”¥
elbosque.prod,EL BOSQUE ğŸŒ³,https://www.instagram.com/elbosque.prod,No,No,no,CÃ³rdoba,CÃ³rdoba,CÃ³rdoba,0,Vila,No,2024-05-28T19:12:32.000Z,EL BOSQUE ğŸŒ³ ğŸ“CÃ³rdoba. www.passline.com/eventos/post-carl-cox-el-bosque-onoff + 2
buengusto.prod,Buen Gusto Producciones,https://www.instagram.com/buengusto.prod,No,No,no,Buenos Aires,CABA,CABA | GBA,0,Vila,No,2024-05-03T21:16:12.000Z,Buen Gusto Producciones Planificador de eventos Creamos momentos Ãºnicos â™¾ï¸ / @buengusto.bookings / âœ‰ï¸ buengusto.prod@gmail.com
lasoiree___,La SoirÃ©e,https://www.instagram.com/lasoiree___,,,,Santiago del Estero,Ciudad de Santiago del Estero,Santiago del Estero,0,Facu,No,2024-04-09T15:16:01.000Z,La SoirÃ©e ğŸ·ğŸª­ğŸª©
dorian_chapter,Dorian Chapter,https://www.instagram.com/dorian_chapter,,,,Buenos Aires,CABA,CABA | GBA,0,Ramo,No,2024-05-25T16:56:16.000Z,Dorian Chapter Producto/servicio Dorian Vol. IV Techno Party ğŸ” ğŸ—“ï¸ 27 de Julio 2024 23:59h ğŸ“ Secret Location ğŸ˜ˆ ""Todos tenemos un Cielo y un Infierno"" www.passline.com/eventos/dorian-party-iii
alfresco.picnicmusical,AL FRESCO,https://www.instagram.com/alfresco.picnicmusical,No,No,no,Santa Fe,Rosario,Rosario,1,Vila,No,2024-05-15T23:30:16.000Z,AL FRESCO ğŸ’ ğ‘·ğ’Šğ’„ğ’ğ’Šğ’„ ğ‘´ğ’–ğ’”ğ’Šğ’„ğ’‚ğ’ ğŸ—“ï¸ 1st ~ ğ—— ğŸ®ğŸ´.ğŸ°.ğŸ®ğŸ° ~ Ben BÃ¶hmer ğŸ“ ÊœÉªá´˜á´á´…Ê€á´á´á´ á´…á´‡ Ê€á´êœ±á´€Ê€Éªá´ drive.google.com/drive/folders/1g1Qh61yIfknPuR9woHnyxDW3gN06iWsO
deepgroovesession,DEEP GROOVE SESSION,https://www.instagram.com/deepgroovesession,,,,Buenos Aires,GBA,CABA | GBA,1,Facu,No,2024-05-13T19:56:57.000Z,DEEP GROOVE SESSION Artista ğŸ“€ Productora de eventos house y techno ğŸ§ @__synthex @ciaticdj www.youtube.com/channel/UCk_Jo2gD6C8uEq-8v8CkKfw
dontstop.producciones,DON'T STOP producciones ğŸ›‘ âŒ,https://www.instagram.com/dontstop.producciones,,,,Buenos Aires,Baradero,Interior BA,0,Facu,No,2024-03-27T20:10:38.000Z,DON'T STOP producciones ğŸ›‘ âŒ Servicio de fiestas y entretenimiento - PRODUCTORA DE EVENTOS - 23/03 ğŸ“ GROOVE SESSION - CADELAGO
matrixproduccioness,Matrix,https://www.instagram.com/matrixproduccioness,,,,TucumÃ¡n,TucumÃ¡n,TucumÃ¡n,1,Facu,No,2024-05-06T00:12:17.000Z,Matrix Planificador de eventos ğŸ“TucumÃ¡n, Argentina UP IS DOWN. ğŸŒŒ
animal.rosario,Ãnimal,https://www.instagram.com/animal.rosario,No,No,no,Santa Fe,Rosario,Rosario,0,Vila,No,2024-03-19T20:32:22.000Z,Ãnimal Letâ€™s get wild SÃ¡bados en @complejoforest +24 _____ Brown 3198 linktr.ee/animal.rosario + 1
fuegotechno,FUEGO TECHNO,https://www.instagram.com/fuegotechno,No,No,no,Buenos Aires,CABA,CABA | GBA,1,Vila,SÃ­,2024-05-29T00:02:10.000Z,FUEGO TECHNO ğŸ”¥ Ciclo de Hard Techno ğŸ“Œ PRÃ“XIMA EDICIÃ“N 6/7 ğŸŸï¸ ENTRADAS POR PASSLINE ğŸ‘‡ğŸ» Capital Federal, Buenos Aires, Argentina www.passline.com/eventos/fuego-techno
thehandlexxi,The Handle XXI,https://www.instagram.com/thehandlexxi,,,,Buenos Aires,CABA,CABA | GBA,0,Ramo,No,2024-05-03T20:02:04.000Z,The Handle XXI 12/5 Studio Sessions w/ @bs.studio.arg ğŸª­ @downtempo.rooftop ğŸ“ Tickets via @passline_argentina ğŸ«ğŸ‘‡ğŸ¼ www.passline.com/eventos/studio-sessions-iv
shift.ciclo,Shift | Fiesta,https://www.instagram.com/shift.ciclo,,,,Buenos Aires,CABA,CABA | GBA,2,Facu,No,2024-05-29T20:49:46.000Z,Shift | Fiesta Formato Boiler ğŸ’œğŸ¦ RincÃ³n 1330, CABA ğŸˆ Sab 08/06 | Techno vs Tech | 8 Djs ğŸ¥· Tanda 3 $7k y promosğŸ‘‡ğŸ½ www.passline.com/eventos/shift-vol-6-techno-vs-tech-261689
duat.ofc,Duat,https://www.instagram.com/duat.ofc,No,No,no,Buenos Aires,CABA,CABA | GBA,0,Vila,No,2024-04-05T00:25:53.000Z,Duat Melodic Experience By @czerniak.ofc
oblivion.producciones,Oblivion,https://www.instagram.com/oblivion.producciones,,,,Buenos Aires,Arrecifes,Interior BA,2,Facu,SÃ­,2024-05-15T22:57:03.000Z,Oblivion Productora de eventosğŸª ğŸ“ â€œLaQuintaâ€. Arrecifes Buenos Aires drive.google.com/drive/folders/1FFRNJIV9W3PQZqZYWTokCya9b0ipBCfM?usp=sharing
sunsetroomsarg,SUNSET ROOMS,https://www.instagram.com/sunsetroomsarg,No,No,no,CÃ³rdoba,CÃ³rdoba,CÃ³rdoba,1,Vila,No,2024-03-29T22:58:55.000Z,SUNSET ROOMS Comunidad ğŸš€ Hacemos fiestas de mÃºsica electrÃ³nica. ğŸ‘ï¸ Artists booking & management. ğŸ‡¦ğŸ‡· CÃ³rdoba, Argentina
untracked.prod,Untracked PROD,https://www.instagram.com/untracked.prod,,,,Buenos Aires,GBA,CABA | GBA,1,Ramo,No,N/A,Untracked PROD Productora joven
wish.baires,Wish House & Garage,https://www.instagram.com/wish.baires,,,,Buenos Aires,CABA,CABA | GBA,1,Facu,No,2024-04-28T15:50:50.000Z,Wish House & Garage ğŸ“Buenos Aires. Next date: @theshamrockba 19/04 venti.com.ar/evento/wish-house-garage-shamrock-basement-nawe-juan-paganelli-b2b-manu-delpech-funky-friends-guillosound
rave.3000,Rave3000,https://www.instagram.com/rave.3000,No,No,si,Buenos Aires,GBA,CABA | GBA,2,Vila,No,2024-04-29T22:01:56.000Z,Rave3000 Hard Times Require Furious Dancing PrÃ³xima ediciÃ³n - 10 de Mayo, HÃ©rcules & Love Affair / Djs Pareja / Astro - locaciÃ³n secreta ~ Rave3000â„¢ - âœ¸ âœ¸ bit.ly/hercules3000
downtempo.rooftop,Downtempo Rooftop,https://www.instagram.com/downtempo.rooftop,,,,Buenos Aires,CABA,CABA | GBA,102,Ramo,SÃ­,2024-06-01T17:35:01.000Z,Downtempo Rooftop Sala de eventos y espectÃ¡culos ğŸ§ ESPACIO CULTURAL ğŸº Cerveza Artesanal ğŸ” American Food ğŸµ DJ Live Mier, Jue y Dom 19 a 01hs Vie y Sab 19 a 02hs #electronicmusic #bar #pub #terrazabar www.passline.com/sitio/downtemporooftop
rotechnobar,RO,https://www.instagram.com/rotechnobar,,,,Buenos Aires,CABA,CABA | GBA,83,Ramo,No,2024-03-22T23:09:01.000Z,RO rotechnobar Techno Bar Juev a SÃ¡b â›“ï¸ 23-06hs â†“â†“â†“ entradas y programaciÃ³n Thames 1625, Buenos Aires, Argentina linktr.ee/espacio.ro
crobarclub,Crobar Club ğŸ‡¦ğŸ‡·,https://www.instagram.com/crobarclub,,,,Buenos AIres,CABA,CABA | GBA,62,Ramo,SÃ­,2024-06-03T14:33:12.000Z,Crobar Club ğŸ‡¦ğŸ‡· â–ªï¸31/05 @glowalmusic â–ªï¸1/06 @francobamusic B2B @pinco_off MAIN STAGE â–ªï¸1/06 @ponchototal Studio Stage Tickets y mesas vip âš«ï¸ğŸ‘‡ğŸ» Marcelino Freyre y Paseo de la Infanta, Buenos Aires, Argentina 1439 linktr.ee/crobarclubba
underclub.oficial,Under Club,https://www.instagram.com/underclub.bsas/,Si,No,No,Buenos Aires,CABA,CABA | GBA,46,Vila,SÃ­,2024-05-28T20:18:05.000Z,Under Club Bs As Permiso - PerdÃ³n - Gracias linktr.ee/Under.Club
laspalapas_,LAS PALAPAS,https://www.instagram.com/laspalapas_,,,,Mendoza,Potrerillos,Mendoza,27,Ramo,SÃ­,2024-05-02T16:33:10.000Z,LAS PALAPAS En un entorno Ãºnico, descubrimos la conexiÃ³n de cada atardecer. Rituales de invierno ~ Reservas Habilitadas
tera.buenosaires,TERA,https://www.instagram.com/tera.buenosaires,,,,Buenos Aires,CABA,CABA | GBA,54,Ramo,SÃ­,2023-05-16T20:50:55.000Z,TERA Mind and body experience at the TEMPLE Private Events | Club nocturno Fridays at @zegrefusion
moove__club,MOOVE,https://www.instagram.com/moove__club/,Si,Si,Si,Buenos Aires,CABA,CABA | GBA,38,Vila,No,2024-05-29T19:05:59.000Z,MOOVE CLUB moove__club ğŸ‰AFTER ğŸ‘‡ğŸ¼ğŸ‘‡ğŸ¼ğŸ‘‡ğŸ¼ğŸ…»ğŸ…¸ğŸ…½ğŸ…º EVENTSğŸ‘‡ğŸ¼ğŸ‘‡ğŸ¼ğŸ‘‡ğŸ¼ linktr.ee/moove__club
2gthr.ba,ğŸ®ğ—šğ—§ğ—›ğ—¥,https://www.instagram.com/2gthr.ba/,,,,Buenos Aires,CABA,CABA | GBA,29,Facu,SÃ­,2024-06-03T15:01:23.000Z,ğŸ®ğ—šğ—§ğ—›ğ—¥ Gira de conciertos Electronic Music Events ğŸ—“ Every Friday & More ğŸ« Tickets Here â¬‡ï¸ ğŸ“ Morocco, Costa Salguero, BA linktr.ee/2gthr.ba
galeria.musicbsas,Galeria.musicBsAs - ArgğŸ‡¦ğŸ‡·,https://www.instagram.com/galeria.musicbsas,,,,Buenos Aires,CABA,CABA | GBA,43,Ramo,No,2024-05-31T22:30:24.000Z,Galeria.musicBsAs - ArgğŸ‡¦ğŸ‡· Club social Somos un centro cultural ğŸ“MÃ©xico 1545, Montserrat, CABA.
jetbuenosaires,JET ( OFFICIAL SITE ),https://www.instagram.com/jetbuenosaires,,,,Buenos Aires,CABA,CABA | GBA,44,Ramo,No,2024-05-30T20:22:32.000Z,JET ( OFFICIAL SITE ) Discoteca y club nocturno ğŸª© Jueves | Viernes | SÃ¡bado ğŸ“ Av. Costanera Rafael Obligado 4801 Buenos Aires I Argentina
duneparkclub,Centro Cultural DVNE PARK Â®,https://www.instagram.com/duneparkclub,,,,Buenos Aires,CABA,CABA | GBA,36,Facu,SÃ­,2024-06-01T17:32:42.000Z,DVNE PARK Â® duneparkclub âš¡ï¸Jueves de 20-01 hs âš¡ï¸Viernes y sÃ¡bados de 21-06 hs TICKETS ğŸ‘‡ğŸ¼ğŸ‘‡ğŸ¼ğŸ‘‡ğŸ¼ Araoz 740, Buenos Aires, Argentina 1414 lnk.bio/duneparkclub
zona__drinks,Zona DrinksğŸº,https://www.instagram.com/zona__drinks,,,,NeuquÃ©n,NeuquÃ©n,NeuquÃ©n,38,Ramo,No,2023-08-07T22:27:58.000Z,Zona DrinksğŸº Bar Bar Cultural ElectrÃ³nico Ciclo de electronica multi generÃ³ Lunes,miÃ©rcoles jueves y dom 16-03am Martes âŒ viernes , sabado y feriados 16-5 am Avenida Argentina 344, NeuquÃ©n, Argentina 8300
drop.music.sessions,DROP MUSIC SESSIONS,https://www.instagram.com/drop.music.sessions,Si,Si,Si,Buenos Aires,GBA,CABA | GBA,22,Vila,SÃ­,2024-06-01T00:18:31.000Z,DROP MUSIC SESSIONS Eventos de Tech-House en zona sur GBA. 06.06 @cadelagomusic INGRESO FREE @auditoriosur ğŸ“ 07.06 @sync.festival_ âš¡ 20.06 @muterofc â¤ï¸â€ğŸ”¥ TICKETS ğŸ‘‡ğŸ» linktr.ee/dropmusicsessions
club69.ba,Club 69 Buenos Aires,https://www.instagram.com/club69.ba,,,,Buenos Aires,CABA,CABA | GBA,24,Ramo,SÃ­,2024-06-02T23:25:47.000Z,Club 69 Buenos Aires Artista SUPER SÃBADO 08.06 SUPER SÃBADO 15.06 SUPER SABADO 22.06 SUPER SÃBADO 29.06 ğŸ³ï¸â€ğŸŒˆ PRIDE ! @nicetoclub www.nicetotickets.com.ar
avantgartenba,Avant Garten,https://www.instagram.com/avantgartenba,,,,Buenos Aires,CABA,CABA | GBA,36,Facu,SÃ­,2024-06-02T21:13:17.000Z,Avant Garten Comunidad The Infamous Biergarten from Buenos Aires, housing music, art and friends since 2016. linktr.ee/avantgartenba
switch.rosario,ğ—¦ğ—ªğ—œğ—§ğ—–ğ—› ğ—–ğ—Ÿğ—¨ğ—•,https://www.instagram.com/switch.rosario,No,Si,Si,Santa Fe,Rosario,Rosario,25,Vila,SÃ­,2024-06-03T15:08:48.000Z,ğ—¦ğ—ªğ—œğ—§ğ—–ğ—› ğ—–ğ—Ÿğ—¨ğ—• â€¢ 08.06 @seele_music x @grees.music â€¢ 20.06 @javierbussola | @n.i.x__ TICKETS ğŸ‘‡ğŸ» Balcarce 379, Rosario Argentina www.passline.com/eventos/switch-seele-vol-5-grees + 1
rioelectronicmusic,Rio Electronic Music,https://www.instagram.com/rioelectronicmusic,,,,Buenos AIres,CABA,CABA | GBA,26,Ramo,SÃ­,2024-06-02T16:49:18.000Z,Rio Electronic Music rioelectronicmusic ğŸ—“ï¸ HOY @amemedj Bs As ğŸ—“ï¸ 09.06 @detlef_music Bs As ğŸ—“ï¸ 16.06 @simoneliberali Bs As ğŸ—“ï¸ 20.06 @julianjeweil Bs As ğŸ—“ï¸ 20.07 @kolombo_music LA PLATA Punta Carrasco, Buenos Aires, Argentina 1425 wearebombo.app.link/0cL5uP9GGAb
unique.communityba,Unique Community ğŸ‡¦ğŸ‡·,https://www.instagram.com/unique.communityba,,,,Buenos Aires,CABA,CABA | GBA,20,Facu,SÃ­,2024-05-08T22:28:06.000Z,Unique Community ğŸ‡¦ğŸ‡· Arte y entretenimiento ğŸ’¿ Sello discogrÃ¡fico ğŸ«Productora de eventos ğŸ¼RepresentaciÃ³n artÃ­stica ğŸ§Booking contact @emabuezas @nicolasrcrupi @agustinamassari uniquecommunity.com.ar
groovebeat.music,Groovebeat Records,https://www.instagram.com/groovebeat.music,Si,Si,Si,Buenos Aires,CABA,CABA | GBA,24,Vila,No,2024-06-03T16:02:56.000Z,Groovebeat Records Record Label / Event Producer / Music / Art / Culture ğŸ§ğŸšğŸ¶ğŸ¨âœ¨ Todos los jueves en @barcarnal â¤ï¸â€ğŸ”¥ Dj Resident @danilo_armas ğŸ¬ NEW YOUTUBE VIDEO ğŸ‘‡ youtu.be/9567qcy3dl4
lajuanitarecords,La Juanita Music,https://www.instagram.com/lajuanitamusic/,No,No,Si,Buenos Aires,CABA,CABA | GBA,22,Vila,SÃ­,2024-04-28T22:33:35.000Z,La Juanita Sello discogrÃ¡fico From Buenos Aires to the World ğŸŒ â€£ @lajuanitastudio â€£ @chapa.castelo TICKETSğŸ‘‡ linktr.ee/lajuanitamusic
kikaoficialok,KIKA CLUB OFICIAL,https://www.instagram.com/kikaoficialok,,,,Buenos Aires,CABA,CABA | GBA,21,Ramo,SÃ­,2024-05-29T02:58:27.000Z,KIKA CLUB OFICIAL Discoteca y club nocturno HONDURAS 5339, Buenos Aires, Argentina www.passline.com/eventos/kika-stage-kikamiercoles-0506
afterplaya,After Playa,https://www.instagram.com/afterplaya,,,,Mendoza,Mendoza,Mendoza,17,Ramo,SÃ­,2024-06-02T23:01:09.000Z,After Playa Festival ğ™ğ™ªğ™£ğ™¨ğ™šğ™©ğ™¨ ğ™ğ™ğ™© ğ™™ğ™ğ™›ğ™›ğ™šğ™§ğ™šğ™£ğ™© ğ™–ğ™© ğ™©ğ™ğ™š ğ˜½ğ™šğ™–ğ™˜ğ™ ğŸ–ï¸ğŸ’ƒğŸ»ğŸ„ğŸ»â€â™‚ï¸ğŸ”¥ğŸï¸ linktr.ee/under.pop
meedproducciones,Meed Producciones,https://www.instagram.com/meedproducciones,No,Si,No,CÃ³rdoba,CÃ³rdoba,CÃ³rdoba,18,Vila,SÃ­,2024-05-27T21:11:54.000Z,Meed Producciones â€¢ @meedagencyar â€¢ @meedrecordsar â–«ï¸19/06 @kolombo_music â–«ï¸12/06 @sergiosaffe b2b @dosantos_music â–«ï¸08/07 @armina.dj linktr.ee/meedproducciones
artlabpro,Artlab,https://www.instagram.com/artlabpro,,,,Buenos Aires,CABA,CABA | GBA,24,Ramo,SÃ­,2024-05-31T00:13:41.000Z,Artlab Arte Laboratorio Creativo de Arte y TecnologÃ­a. GalerÃ­a de Arte Digital abierta de: Jueves a SÃ¡bado de 12hs a 18hs. Roseti 93, Villa Crespo, Distrito Federal, Argentina 1414 linktr.ee/artlabpro
lacarpamdq,La Carpa,https://www.instagram.com/lacarpamdq,,,,Buenos Aires,Mar del Plata,Mar del Plata,9,Facu,No,2024-04-27T23:30:40.000Z,La Carpa TICKETS AQUI! www.passline.com/sitio/la-carpa
elatico_club,EL ATICO,https://www.instagram.com/elatico_club,,,,Mendoza,Mendoza,Mendoza,17,Ramo,SÃ­,2024-05-31T22:56:26.000Z,EL ATICO ğŸ—“ï¸15/06 @marchoule ğŸ—“ï¸06/07 @armina.dj MESAS VIP +54 9 2616 68-8421 Mendoza, Arg Tickets y ubicaciÃ³n en el link ğŸ‘‡ğŸ¼ linktr.ee/elaticoclub + 1
omnia_producciones,O M N I A,https://www.instagram.com/omnia_producciones,No,No,no,Buenos Aires,CABA,CABA | GBA,11,Vila,SÃ­,2024-05-30T15:07:22.000Z,O M N I A Productor CALENDAR ğŸ—“ï¸: Junio 29 - Spencer Brown Julio 19 - Nick Muir & Lopezhouse TICKETS | â¬‡ï¸ linktr.ee/omnia_prod
svg_prod,SVG Entertainment,https://www.instagram.com/svg_prod,Si,Si,No,Buenos Aires,CABA,CABA | GBA,19,Vila,SÃ­,2024-05-07T16:00:31.000Z,SVG Entertainment 15.6 @realadambeyer 16.6 @soundprocess 20.6 @maxidegrassi 29.6 @crewsavage ğŸ‡¨ğŸ‡± 06.7 @innellea @juan_hansen 19.7 @yottomusic 09.8 @agentsoftime ğŸ«ğŸ‘‡ğŸ» www.svg-ent.com + 1
nexus.gigs,NEXUS,https://www.instagram.com/nexus.gigs,Si,Si,Si,CÃ³rdoba,CÃ³rdoba,CÃ³rdoba,17,Vila,SÃ­,2024-05-29T17:51:23.000Z,NEXUS ğŸ“±MirÃ¡ todas nuestras fiestas en destacadas! www.passline.com/eventos/nexus-post-cattaneo
buenasnochespro,Buenas Noches Producciones,https://www.instagram.com/buenasnochespro,No,Si,Si,CÃ³rdoba,CÃ³rdoba,CÃ³rdoba,15,Vila,SÃ­,2024-05-21T21:00:09.000Z,BNP | Buenas Noches Producciones buenasnochespro SINCE 1999 ArgentinağŸ“TulumğŸ“New YorkğŸ“BarcelonağŸ“PDEğŸ“BA ~ linktr.ee/bnpeventos + 4
codigonuevo.prod,CÃ³digo Nuevo Producciones,https://www.instagram.com/codigonuevo.prod,Si,No,no,Santa Fe,Rosario,Rosario,12,Vila,SÃ­,2024-06-03T15:28:35.000Z,CÃ³digo Nuevo Producciones codigonuevo.prod Productora de eventos en Rosario 14/06/2024 Evolution: @satoshi_tomiie @nicorada 05/07/2024 Audiodluxe: @budakid @djmartingarcia @servandomusic linktr.ee/CodigoNuevoProd
suono.ar,S U O Ğ˜ O,https://www.instagram.com/suono.ar,,,,Buenos Aires,CABA,CABA | GBA,14,Ramo,SÃ­,2024-05-03T16:13:11.000Z,S U O Ğ˜ O Creamos experiencias since 2018 ğŸ’« â–ªï¸08.06 @franciscogarcia.wav @arre.crew â–ªï¸15.06 @emilianodemarco_ ğŸŒ‘ @elmuel linktr.ee/suonoevents
ciclic_community,Ciclic Producciones - Bariloche,https://www.instagram.com/ciclic_community,,,,RÃ­o Negro,Bariloche,RÃ­o Negro,12,Ramo,SÃ­,2024-05-28T23:59:58.000Z,Ciclic Producciones - Bariloche Planificador de eventos ğŸ‘‰ğŸ» 15/06 @silvestre_kg ğŸ‘‰ğŸ» 22/06 @roket_bariloche ğŸš€ ğŸ« TICKETS ğŸ‘‡ğŸ» linktr.ee/ciclicproducciones
clubbahreinoficial,Club Bahrein Oficial,https://www.instagram.com/clubbahreinoficial,Si,No,Si,Buenos Aires,CABA,CABA | GBA,14,Vila,SÃ­,2024-06-01T03:32:33.000Z,Club Bahrein Oficial Discoteca y club nocturno Club Bahrein 2.0. Nueva direcciÃ³n: Sarmiento 1752, C.A.B.A. Fotos-Reservas-Videos y Links de compra:ğŸ‘‡ bahreinba.com/eventos/agenda + 2
heiss.techno,HEISS TECHNO,https://www.instagram.com/heiss.techno,No,No,no,Buenos AIres,CABA,CABA | GBA,11,Vila,SÃ­,2024-05-22T19:04:30.000Z,HEISS TECHNO â›“ï¸ ğ—§ğ—˜ğ—–ğ—›ğ—¡ğ—¢ ğ—ªğ—œğ—Ÿğ—Ÿ ğ—¦ğ—”ğ—©ğ—˜ ğ—¨ğ—¦ â›“ï¸ ğŸ“Bs. As. Argentina ğŸ‡¦ğŸ‡· ğŸ“Œ 7 y 8/06 - @boilerroomtv - SOLD OUT ğŸ”¥ ğŸ“Œ 21/6 - @cl.tx @cassie_raptor - @club.amkba ğŸ“Œ 9/8 @teletechuk venti.com.ar/evento/teletech-x-heiss-09-08-amerik-club + 1
quantik.ba,QUANTIK by INPUT,https://www.instagram.com/quantik.bsas/,,,No,Buenos Aires,CABA,CABA | GBA,20,Facu,SÃ­,2024-06-02T00:32:21.000Z,QUANTIK by INPUT Creador digital ğŸª© Discoteca y Club Nocturno ğŸ¶ Tech House Music ğŸ« @passline_argentina ğŸ“Juan B. Justo 1658. CABA
ravepartiescorp,Rave Parties Corp - Oficial,https://www.instagram.com/ravepartiescorp,,,,Buenos Aires,CABA,CABA | GBA,15,Ramo,SÃ­,2024-05-14T22:10:17.000Z,Rave Parties Corp - Oficial Planificador de eventos RPC - Groove ğŸ’£ 19/6 XXL @bliss_music @trampsta_ @ktrinamusic ğŸ’£20/6 @giuseppeottaviani ğŸ’£8/7 XXL @Avalon @naxmusicarg ğŸ’£12 y 13/7 @bryankearney linktr.ee/ravepartiescorp
issa.productora,Issa Producciones,https://www.instagram.com/issa.productora,,,,Buenos Aires,CABA,CABA | GBA,13,Ramo,SÃ­,2024-05-07T22:15:07.000Z,Issa Producciones
franciscadelfuego,Francisca del Fuego,https://www.instagram.com/franciscadelfuego,,,,Buenos Aires,CABA,CABA | GBA,12,Ramo,SÃ­,2024-04-19T23:49:48.000Z,Francisca del Fuego Pizzas de Masa Madre, Platitos, Vinos & MÃºsica en vivo. Reservas link en bio - Martes a Jueves desde las 18, Viernes a Domingo desde el mediodÃ­a. Av. Libertador 3883, arco 14, Buenos Aires, Argentina 1425 linktr.ee/franciscadelfuego
theshamrockba,The Shamrock Bar & Basement,https://www.instagram.com/theshamrockba,,,,Buenos Aires,CABA,CABA | GBA,25,Facu,SÃ­,2024-06-02T00:36:16.000Z,The Shamrock Bar & Basement Bar todos los dÃ­as, desde 16 hs. Ingreso free Happy Hour hasta 22 hs. Reservas ğŸ“1155648465 Basement Club, viernes y sÃ¡bados 00-06 am TICKETS ğŸ‘‡ğŸ¼ RodrÃ­guez PeÃ±a 1220, Buenos Aires, Argentina 1021 linktr.ee/theshamrockba
fruta.oficial,Fruta,https://www.instagram.com/fruta.oficial,No,Si,no,CÃ³rdoba,CÃ³rdoba,CÃ³rdoba,13,Vila,No,2024-05-13T00:04:14.000Z,Fruta #11AÃ±osDeCaravana â¤ï¸ CÃ³rdoba La familia que elegimos Eventos: Electronica @dahausclub & @francisclub__ Pop | Cachengue @anana.argentina TicketsğŸ‘‡ğŸ¼ linktr.ee/frutaoficial
terrafuria,TERRA FURIA,https://www.instagram.com/terrafuria,Si,Si,no,CÃ³rdoba,CÃ³rdoba,CÃ³rdoba,14,Vila,SÃ­,2024-05-06T21:26:45.000Z,TERRA FURIA @jonas_kopp_ ğŸ‡¦ğŸ‡· 07.06 @alarico___ ğŸ‡®ğŸ‡¹ + @ziskomusic ğŸ‡¦ğŸ‡· 15.06 @thdn_live ğŸ‡¦ğŸ‡· 21.06 @clerictechno ğŸ‡¬ğŸ‡§ 26.07 @rikhter_r23 ğŸ‡·ğŸ‡º 10.08 linktr.ee/terrafuria
clubthebowba,THE BOW CLUB ğŸ‡¦ğŸ‡·,https://www.instagram.com/clubthebowba,,,,Buenos Aires,CABA,CABA | GBA,13,Facu,SÃ­,2024-05-29T21:13:23.000Z,THE BOW CLUB ğŸ‡¦ğŸ‡· âš¡ 29.06 @spencerbrownofficial & @paul_deep.ar âš¡ï¸19.07 @nickmuirmusic & @lopezhousemusic Av. Costanera Norte y Sarmiento., Buenos Aires, Argentina 1425 linktr.ee/clubthebowba + 2
lacrewros,La Crew Ros.,https://www.instagram.com/lacrewros,No,No,no,Santa Fe,Rosario,Rosario,7,Vila,No,2024-03-11T22:57:52.000Z,La Crew Summer Jueves de verano en @davisbar.rosario After Office Cenas MÃºsica ReservasğŸ‘‡ğŸ» wa.me/3415423341
dusk.prod,DUSK,https://www.instagram.com/dusk.prod,,,,Buenos Aires,CABA,CABA | GBA,12,Facu,SÃ­,2024-05-27T21:39:31.000Z,DUSK Planificador de eventos linktr.ee/duskprod
nexus.electronic,NEXUS,https://www.instagram.com/nexus.electronic,,,,Buenos Aires,Mar del Plata,Mar del Plata,0,Facu,No,2024-02-05T21:35:52.000Z,NEXUS 11/2 @roomie.club MDQ ğŸï¸ . Representamos la combinaciÃ³n de personas , mÃºsica y energia en un evento de Tech House Owner : @strace._ @juanchi.farina www.passline.com/eventos/nexus-mar-del-plata-roomie
estamosfelices,Estamos Felices,https://www.instagram.com/estamosfelices,No,No,No,CABA,CABA,CABA | GBA,16,Vila,SÃ­,2024-06-03T16:28:28.000Z,Estamos Felices Emprendedor Is a booking & management agency, record label, music consultancy and cultural producer based in Buenos Aires (Argentina) since 2004. linktr.ee/EstamosFelices
despuesdetodo.cba,DDT - DESPUÃ‰S DE TODO,https://www.instagram.com/despuesdetodo.cba,No,No,no,CÃ³rdoba,CÃ³rdoba,CÃ³rdoba,6,Vila,No,2023-08-15T11:55:53.000Z,DDT - DESPUÃ‰S DE TODO Comunidad Extended hours
clublatranquera,Club La Tranquera,https://www.instagram.com/clublatranquera,No,No,no,Buenos Aires,CABA,CABA | GBA,8,Vila,No,2023-05-04T13:08:56.000Z,Club La Tranquera Comunidad Club de campo ğŸ‚ğŸƒğŸŒ„ Productora de Eventos www.passline.com/eventos/lignee-sabado-13-de-abril
elysium.producciones,Elysium Producciones,https://www.instagram.com/elysium.producciones,,,,Mendoza,Mendoza,Mendoza,11,Ramo,SÃ­,2024-05-21T23:31:09.000Z,Elysium Producciones ~ creamos momentos ~ ğŸ—“ 19.06 @julianjeweil | @mauritochoa | @ressonant_ofc ğŸ“ Mendoza, Arg www.showstickets.ar/event/julian-jeweil + 3
sequence.nightclub,Sequence,https://www.instagram.com/sequence.nightclub,Si,Si,Si,CÃ³rdoba,CÃ³rdoba,CÃ³rdoba,15,Vila,No,2024-05-16T18:53:41.000Z,Sequence Discoteca y club nocturno CLUB DE MUSICA ELECTRÃ“NICA TODOS LOS JUEVES DE 23 a 05 hs Bv ILLIA 34 Nv Cordoba + INFO en el LINK linktr.ee/sequence.nightclub
slowandlouder,S&L,https://www.instagram.com/slowandlouder/,,,,Buenos Aires,CABA,CABA | GBA,9,Ramo,No,2024-04-12T14:54:05.000Z,S&L MÃºsico/grupo de mÃºsica Upcaming dates !!
ladob_producciones,Lado B producciones,https://www.instagram.com/ladob_producciones,Si,Si,no,Santa Fe,Rosario,Rosario,11,Vila,SÃ­,2024-05-21T23:00:00.000Z,Lado B producciones ladob_producciones Rosario - Santa Fe - Argentina ğŸ‡¦ğŸ‡· @metropolitanorosario @autodromoros linktr.ee/ladob_producciones
roomie.club,Roomie Club,https://www.instagram.com/roomie.club,,,,Buenos Aires,Mar del Plata,Mar del Plata,27,Facu,SÃ­,2024-05-27T21:00:08.000Z,Roomie Club Club social Club de mÃºsica electrÃ³nica MDQğŸ§ +18 ğŸ“Av. Colon y el Mar (Paseo JesÃºs de Galindez) Info / tickets / mesas vip 2235042950 Accesosâ¤µï¸ linktr.ee/roomie.club1
crafterbar_nqn,CRAFTER BAR,https://www.instagram.com/crafterbar_nqn,,,,NeuquÃ©n,NeuquÃ©n,NeuquÃ©n,22,Ramo,No,2024-05-27T13:40:47.000Z,CRAFTER BAR Pub #CRAFTERBAR ğŸºğŸ¤˜ Martes a domingos de 18 a 02:00 hs Comida, cerveza y musiquita Diagonal 9 de julio 63, NeuquÃ©n, Argentina 8300 w.app/HaceTuReserva314
nextproducciones.ros,NEXT PRODUCCIONES,https://www.instagram.com/nextproducciones.ros,,,,Santa Fe,Rosario,Rosario,5,Vila,No,N/A,N/A
veinticuatrosiete.prod,Veinticuatro Siete,https://www.instagram.com/veinticuatrosiete.prod,No,Si,si,CÃ³rdoba,CÃ³rdoba,CÃ³rdoba,11,Vila,No,N/A,Veinticuatro Siete Eventos de MÃºsica electrÃ³nica CÃ³rdoba - Argentina PrÃ³ximo evento: ğŸ—“ 16/06 Post Hernan Cattaneo DÃA 1 www.passline.com/eventos/post-hernan-cattaneo-dia-1-veinticuatrosiete
elcalamarloco,El Calamar Loco,https://www.instagram.com/elcalamarloco,,,,Buenos Aires,Mar del Plata,Mar del Plata,7,Facu,No,2024-05-31T22:04:28.000Z,El Calamar Loco SÃBADO 08.06 CACHENGUE EN EL CLUB ğŸ¦‘ğŸª© @elcalamarloco.pg El calamar loco, Chapadmalal, Buenos Aires, Argentina 7600 linktr.ee/calamarloco
pulsar.producciones,Pulsar Producciones,https://www.instagram.com/pulsar.producciones,No,Si,no,CÃ³rdoba,CÃ³rdoba,CÃ³rdoba,9,Vila,No,2024-05-29T01:03:47.000Z,Pulsar Producciones Arte y entretenimiento ğŸ‘‰ğŸ» 20/06/2024 -> TBA ğŸ‘‰ğŸ» 08/07/2024 -> TBA ğŸ‘‰ğŸ» 19/07/2024 -> TBA ğŸ‘‰ğŸ» Agosto TBA linktr.ee/pulsar.argentina
laestacioncordoba,LA ESTACIOÌN,https://www.instagram.com/laestacioncordoba,No,No,no,CÃ³rdoba,CÃ³rdoba,CÃ³rdoba,8,Vila,SÃ­,2024-05-28T19:29:21.000Z,LA ESTACIOÌN laestacioncordoba Primer Venue Open Air de CÃ³rdoba. ğŸ“Comuna San Roque 24 AÃ‘OS DE PURA MÃšSICA ELECTRÃ“NICA ğŸ§ Tickets ğŸ‘‡ğŸ½ www.laestacioncordoba.com
tauronena_,Tauro Nena,https://www.instagram.com/tauronena_,No,No,no,Buenos Aires,CABA,CABA | GBA,6,Vila,No,2024-06-02T01:58:46.000Z,Tauro Nena ğŸ“BAğŸ‡¦ğŸ‡· â™‰ï¸Queer Fantasy Techno Partyâ™‰ï¸ ğŸ”œğŸ”œğŸ”œğŸ”œ
soundakaofficial,SOUNDAKA,https://www.instagram.com/soundakaofficial,,,,Buenos Aires,Mar del Plata,Mar del Plata,5,Facu,No,2024-04-07T15:53:32.000Z,SOUNDAKA ğŸ“Mar del Plata www.youtube.com/watch?v=NKRZlmqwg5Y&ab_channel=soundaka + 3
fungus.beer,ğŸ„ F U N G U S ğŸ„,https://www.instagram.com/fungus.beer,,,,Buenos Aires,La Plata,La Plata,6,Facu,SÃ­,2023-06-02T00:21:27.000Z,Birra artesanal para llevar | La Plata | Despacho Comunidad ğŸ» Pinta desde $1900 y litro desde $3800 ğŸ» Promos TAKE AWAY y estudiantes universitarios ğŸ„ Diag. 73 nÂ° 1279 ğŸ„ Martes a SÃ¡bado de 17:00 a 23:00 Diag 73 n 1279, La Plata, Buenos Aires 1900 www.youtube.com/channel/UCyJOyneS1WrIoxaCNwKXvnA
mantraloungeclub,Mantra Lounge Club,https://www.instagram.com/mantraloungeclub,No,No,no,Misiones,Puerto Rico,Misiones,6,Vila,No,2024-05-27T21:22:30.000Z,Mantra Lounge Club Artista ğ˜Šğ˜­ğ˜¶ğ˜£ ğ˜¥ğ˜¦ ğ˜ˆğ˜®ğ˜ªğ˜¨ğ˜°ğ˜´ ğ˜¥ğ˜¦ğ˜´ğ˜¥ğ˜¦ ğ˜¦ğ˜­ 2000 | 2 ğ˜±ğ˜ªğ˜´ğ˜µğ˜¢ğ˜´ + ğ˜¨ğ˜¢ğ˜³ğ˜¥ğ˜¦ğ˜¯ |ğŸ“ğ˜—ğ˜¶ğ˜¦ğ˜³ğ˜µğ˜° ğ˜™ğ˜ªğ˜¤ğ˜°, ğ˜”ğ˜ªğ˜´ğ˜ªğ˜°ğ˜¯ğ˜¦ğ˜´. ğŸ‡¦ğŸ‡·
blacksheep.pub,BlackSheep,https://www.instagram.com/blacksheep.pub,No,Si,si,CÃ³rdoba,CÃ³rdoba,CÃ³rdoba,10,Vila,SÃ­,2024-05-30T17:02:08.000Z,BlackSheep ğŸ“ Paseo del Buen Pastor - CÃ³rdoba Bar Bailable JUEVES: Formato ElectrÃ³nico VIE/SAB: Formato Cachengue Apertura: 22 horas a 5 horas linktr.ee/blacksheeppub
happysessionok,Happy Session,https://www.instagram.com/happysessionok,,,,Buenos Aires,BahÃ­a Blanca,BahÃ­a Blanca,10,Facu,SÃ­,2024-06-03T14:43:22.000Z,Happy Session Festival 08.06 Maxi Degrassi b2b Valdovinos 29.06 Budakid 08.07 Brigado crew + Lopez House 20.7 NICK MUIR 10.08 ğŸ‡®ğŸ‡± 24.08 Aniversario ğŸ‡ªğŸ‡¸ + ğŸ‡®ğŸ‡¹ TICKETSğŸ‘‡ğŸ» Av cabrera 4480 Pajas Bravas, BahÃ­a Blanca, Buenos Aires 8000 heylink.me/HAPPYSESSIONTICKETS
freakmeoutarg,FREAK ME OUT,https://www.instagram.com/freakmeoutarg,No,No,no,Buenos Aires,CABA,CABA | GBA,8,Vila,SÃ­,2024-06-02T23:00:04.000Z,FREAK ME OUT Electronic Music Events Freak Me Out Bookings Tickets & Music Links â¬‡ï¸â¬‡ï¸â¬‡ï¸ linktr.ee/freak.me.out
humclubdemusica,HUM | CLUB DE MUSICA,https://www.instagram.com/humclubdemusica,No,No,si,Santa Fe,Rosario,Rosario,7,Vila,No,2022-10-17T16:30:42.000Z,HUM | CLUB DE MÃšSICA Artista Salas de ensayo para Djs y Bandas | Estudio de grabaciÃ³n y producciÃ³n Clases | Bar | Video Turnos al 341 336-9684
independence.music,INDEPENDENCE | INDEPENDANCE ğŸ‡¦ğŸ‡·,https://www.instagram.com/independence.music,,,,Buenos Aires,CABA,CABA | GBA,9,Facu,SÃ­,2024-06-03T16:27:00.000Z,INDEPENDENCE | Melodic | Hypnotic | Ethereal | Techno ğŸ‡¦ğŸ‡· Sello discogrÃ¡fico â–ªï¸ProducciÃ³n de Eventos â–ªï¸Agencia de Booking â–ªï¸Dj & Audio Rental [Since 2008] NEXT DATE: 08/06 TUNEL ğŸ“Recoleta linktr.ee/independencemusic
ciclo.isis,I S I S ELECTRONIC MUSIC ğŸ‡¦ğŸ‡·,https://www.instagram.com/ciclo.isis,,,,Buenos Aires,La Plata,La Plata,5,Facu,No,2024-05-28T22:17:52.000Z,I S I S ELECTRONIC MUSIC ğŸ‡¦ğŸ‡· Evento
destinoarena,destinoarena,https://www.instagram.com/destinoarena,No,No,no,Buenos Aires,CABA,CABA | GBA,4,Vila,No,2024-03-13T21:04:05.000Z,destinoarena Arte y entretenimiento Team Building Events & Massive Entertainment ğŸ“BA | ARG ğŸ‡¦ğŸ‡· ğŸ’
inusual_music,â–‘iâ–‘nâ–‘uâ–‘sâ–‘uâ–‘aâ–‘lâ–‘,https://www.instagram.com/inusual_music,No,No,si,Buenos Aires,CABA,CABA | GBA,7,Vila,SÃ­,2024-05-27T22:26:55.000Z,â–‘iâ–‘nâ–‘uâ–‘sâ–‘uâ–‘aâ–‘lâ–‘ ğŸ‡¦ğŸ‡·Productora de eventos "" Creemos en el poder de la mÃºsica para unir personas "" 04/05 inusual 24/05 inusual 19/06 inusual atom.bio/inusual_music + 2
produccionalquimia,ALQUIMIA,https://www.instagram.com/produccionalquimia,,,,Buenos Aires,CABA,CABA | GBA,7,Ramo,No,2024-03-27T21:00:00.000Z,ALQUIMIA Planificador de eventos ğŸ”® á´˜Ê€á´á´…á´œá´„á´›á´Ê€á´€ á´…á´‡ á´‡á´ á´‡É´á´›á´êœ± á´„á´Ê€á´˜á´Ê€á´€á´›Éªá´ á´êœ± Ê êœ±á´á´„Éªá´€ÊŸá´‡êœ±. www.passline.com/eventos/bloom-at-night-by-alquimia
hop_oficial,HOP OFICIAL,https://www.instagram.com/hop_oficial,,,,Buenos Aires,GBA,CABA | GBA,4,Facu,No,2024-03-23T23:49:49.000Z,HOP OFICIAL Planificador de eventos âšª HOP CUENTA OFICIAL â€¢ PRODUCTORA DE MUSICA ELECTRONICA âš¡ INFOâ¬‡ï¸ drive.google.com/drive/folders/1iCIL7NX2k3L-kyUwM5PGDf1WdDZHxdD7 + 4
alfinlunes.prod,Al Fin Lunes Producciones,https://www.instagram.com/alfinlunes.prod,No,No,no,Santa Fe,Rosario,Rosario,6,Vila,No,2024-05-28T14:29:03.000Z,Al Fin Lunes Producciones Fotos y consultas ğŸ‘‡ drive.google.com/drive/folders/1VxRpUyuQQm8VVhdp4owo1UJbsk_bKJ-9 + 1
dreamersmusic.ar,ğ•–ğ•§ğ•–ğ•Ÿğ•¥ğ• ğ•¤ ğ•–ğ•ğ•–ğ•”ğ•¥ğ•£ğ• ğ•Ÿğ•šğ•”ğ• ğ•¤,https://www.instagram.com/dreamersmusic.ar,,,,Buenos Aires,Mar del Plata,Mar del Plata,4,Facu,SÃ­,2024-03-28T21:23:07.000Z,ğ•–ğ•§ğ•–ğ•Ÿğ•¥ğ• ğ•¤ ğ•–ğ•ğ•–ğ•”ğ•¥ğ•£ğ• ğ•Ÿğ•šğ•”ğ• ğ•¤ Productor Owner @galo.ofc_ @culturadreamers @dreamers.festival
on.mvmnt,ğ—¢ğ—».ğ—ºğ˜ƒğ—ºğ—»ğ˜,https://www.instagram.com/on.mvmnt,Si,No,no,Buenos Aires,GBA,CABA | GBA,5,Vila,SÃ­,2024-05-29T23:21:02.000Z,ğ—¢ğ—».ğ—ºğ˜ƒğ—ºğ—»ğ˜ Gira de conciertos â € Û° ğ™‹ğ™§ğ™¤ğ™™ğ™ªğ™˜ğ™©ğ™¤ğ™§ğ™– ğ™™ğ™š ğ™šğ™«ğ™šğ™£ğ™©ğ™¤ğ™¨ ğ™® ğ™˜ğ™¤ğ™£ğ™©ğ™šğ™£ğ™ğ™™ğ™¤ğ™¨ ğ™–ğ™§ğ™©ğ™Ìğ™¨ğ™©ğ™ğ™˜ğ™¤ğ™¨ â€¢ Producing @lacosta.festival â € ğŸ‡¦ğŸ‡· Buenos Aires â € @On.bookings @On.setup â € 1/6 ğŸ« disponibles! www.passline.com/eventos/onmvmnt-ender-club-presents
onebeat.ros,One Beat,https://www.instagram.com/onebeat.ros,No,No,no,Santa Fe,Rosario,Rosario,7,Vila,No,2024-04-29T21:22:49.000Z,One Beat â€¢30.04 @guillepereyra_music @djgastongaray & moreğŸ¥³ ğŸ“ Chicago Club, GÃ¼emes y RodrÃ­guez ğ—£ğ—¼ğ—¿ ğ—¿ğ—²ğ˜€ğ—²ğ—¿ğ˜ƒğ—®ğ˜€ ğ—® ğ—°ğ—²ğ—»ğ—®ğ—¿ ğ—¼ ğ—¹ğ—¶ğ˜€ğ˜ğ—®ğ˜€ ğ—®ğ—¹ ğ— ğ—— ğŸ“© www.passline.com/eventos/one-beat-guille-pereyra-gaston-garay
southsideprod_,SOUTHSIDE PROD.,https://www.instagram.com/southsideprod_,,,,Buenos Aires,GBA,CABA | GBA,6,Facu,No,2024-05-24T21:00:29.000Z,SOUTHSIDE PROD. Productor musical Experiencias de mÃºsica electrÃ³nica en el sur de Buenos Aires. Next date TBA ğŸ–¤ linktr.ee/southsideproductions
singenero__,Sin Genero,https://www.instagram.com/singenero__,No,No,no,Buenos Aires,CABA,CABA | GBA,5,Vila,No,2024-04-25T21:26:03.000Z,Sin Genero ğŸ“ Buenos Aires, Argentina. 2020 - â™¾ï¸ ğŸ’¿ Productora de Eventos de MÃºsica ElectrÃ³nica ğŸ”œ Viernes 12/07, Club de Pescadores linktr.ee/singenero__
roadtotheclub,ROAD to the club,https://www.instagram.com/roadtotheclub,,,,Buenos Aires,BahÃ­a Blanca,BahÃ­a Blanca,6,Facu,SÃ­,2024-05-29T23:00:27.000Z,ROAD to the club ON THE ROAD ğŸ’ ğŸ”œ 08 JUNIO - @zone7___ @blanksense ğŸ”¥ Fuerte Argentino 900, BahÃ­a Blanca, Buenos Aires 8000 linktr.ee/roadtotheclub
arbeatmusic,arbeatmusic,https://www.instagram.com/arbeatmusic,No,Si,no,Santa Fe,Santa Fe,Santa Fe | ParanÃ¡,5,Vila,No,2024-02-22T01:44:04.000Z,arbeatmusic Next Date 2024 Sab 18 @ivanaliaga__ linktr.ee/arbeatmusic
golden.hour.ar,ğŸ”¶GOLDEN HOURÂ®,https://www.instagram.com/golden.hour.ar,No,No,no,Buenos Aires,CABA,CABA | GBA,5,Vila,SÃ­,2024-06-02T22:10:55.000Z,ğŸ”¶GOLDEN HOURÂ® Eventos de mÃºsica electrÃ³nica ğŸ“ğŸ‡¦ğŸ‡·ğŸ‡¦ğŸ‡·ğŸ‡¦ğŸ‡· ğŸ”œ 08/06 - Tina & N4ch, Sol Mazzeo & Agus Rey @ El muelle ğŸ‘‡ğŸ½ Tickets www.passline.com/eventos/tina-nach-sol-mazzeo-agus-rey-el-muelle-costanera
somosproduce,Somos Produce,https://www.instagram.com/somosproduce/,Si,No,no,Buenos Aires,CABA,CABA | GBA,9,Vila,SÃ­,2024-05-31T21:00:00.000Z,SOMOS PRODUCE Planificador de eventos 31.05 @soundprocess & @almela.ar 01.06 @dub.format linktr.ee/somosproduce
numbers____,Numbers.,https://www.instagram.com/numbers____,No,No,si,Buenos Aires,CABA,CABA | GBA,4,Vila,SÃ­,2024-05-22T21:43:10.000Z,Numbers. 010 mundo. Productora destinada al disfrute y conocimiento de la mÃºsica electrÃ³nica. PrÃ³xima Numbers CABA 20/07/2024 (DÃ­a del amigo)
hand_producciones,Hand Producciones,https://www.instagram.com/hand_producciones,,,,Mendoza,Mendoza,Mendoza,9,Ramo,SÃ­,2022-08-30T16:44:44.000Z,Hand Producciones Creador digital ğŸ¼ Productora de eventos de mÃºsica electrÃ³nica en Mendoza, Argentina ğŸ’œ
pryma.rec,pryma,https://www.instagram.com/pryma.rec,,,,NeuquÃ©n,San Martin de los Andes,NeuquÃ©n,5,Ramo,SÃ­,2024-01-26T20:59:50.000Z,pryma Sello discogrÃ¡fico Sello y productora de eventos de MÃºsica ElectrÃ³nica linktr.ee/pryma
kosmossoundclub,Kosmossoundclub at Zebra,https://www.instagram.com/kosmossoundclub,No,No,no,CÃ³rdoba,Villa Carlos Paz,CÃ³rdoba,3,Vila,No,2024-03-28T19:25:00.000Z,Kosmossoundclub at Zebra Comunidad Fiestas electrÃ³nicas en Villa Carlos Paz linktr.ee/kosmossoundclub
cadencia.concept,Cadencia,https://www.instagram.com/cadencia.concept,No,No,si,Buenos Aires,CABA,CABA | GBA,3,Vila,SÃ­,2024-05-21T15:33:44.000Z,Cadencia Artista â„‚ğ”¸ğ”»ğ”¼â„•â„‚ğ•€ğ”¸ x @nawe__d ğŸ™ğŸ˜ğŸ˜ % ğ•ğ•šğ•Ÿğ•šğ•ğ• ğ•¤ & ğ”¸ğ•Ÿğ•’ğ•ğ• ğ•˜ ğŸ‘¤â„‚ğ• ğ•ğ•¦ğ•Ÿğ•šğ••ğ•’ğ••ğŸ‘¤ ğ”¸ğ•„ğ•€ğ”¾ğ•†ğ•Š ğŸ”¹ï¸á´€Ê€É¢.Ê™á´œá´‡É´á´s á´€ÉªÊ€á´‡sğŸ‡¦ğŸ‡· 7/6 @duneparkclub â¬‡ï¸ğŸ”¥ venti.com.ar/evento/s07-06-cadencia-pres-violett-nawe-more
aboveintheclouds.official,Above In The Clouds â›…,https://www.instagram.com/aboveintheclouds.official,Si,No,si,Buenos Aires,CABA,CABA | GBA,12,Vila,No,2024-05-29T20:20:54.000Z,Above In The Clouds â›… MÃºsico/grupo de mÃºsica ğŸ’“ MELODIES & MEMORIES - âœ¨ Organic House - âœ¨ Progressive âœ¨ DREAMY & Ethereal Sounds. youtube.com/@aboveintheclouds.official?si=FxO7sIS0b30RpNOk + 1
deepgarden.sessions,DeepGardenğŸ¥€ğŸ´,https://www.instagram.com/deepgarden.sessions,No,Si,no,CÃ³rdoba,CÃ³rdoba,CÃ³rdoba,5,Vila,No,N/A,DeepGardenğŸ¥€ğŸ´ Mira nuestras fechas en nuestras destacadas! ğŸ–¤ www.passline.com/eventos/deep-garden-x-noone-showcase
detekted.techno,detekted.techno ğŸ‡¦ğŸ‡·,https://www.instagram.com/detekted.techno,,,,Buenos Aires,CABA,CABA | GBA,6,Ramo,SÃ­,2024-04-25T15:08:57.000Z,detekted.techno ğŸ‡¦ğŸ‡· Arte SAB. 15.06 // DTKTD + NOMAD + TENSION TECHNO // MONOCICLO @ BANFIELD
elcableafterwake,ElCable AfterWake,https://www.instagram.com/elcableafterwake,,,,Mendoza,San Rafael,Mendoza,3,Ramo,No,2024-03-19T00:04:33.000Z,ElCable AfterWake Arte y entretenimiento Somos un espacio unico, donde la buena musica y lxs amigos nunca faltan! www.passline.com/eventos/beico-rodrigo-vhans-ressonant-closing-season-roswell-x-el-cable
meraki_prod_,ğ˜”ğ˜¦ğ˜³ğ˜¢ğ˜¬ğ˜ª | ğ˜—ğ˜³ğ˜°ğ˜¥ğ˜¶ğ˜¤ğ˜µğ˜°ğ˜³ğ˜¢,https://www.instagram.com/meraki_prod_,,,,Buenos Aires,Mar del Plata,Mar del Plata,7,Facu,SÃ­,2024-05-29T23:00:52.000Z,Meraki Productora Planificador de eventos Sab 15.06 | @brunofurlan - Only Normandina Tickets | â¬‡ï¸ linktr.ee/meraki.arg
essence.friends,ESSENCE CREW ğŸŒ‘,https://www.instagram.com/essence.friends,,,,Buenos Aires,CABA,CABA | GBA,4,Facu,No,N/A,N/A
groova.arg,ğ—šğ—¥ğ—¢ğ—¢ğ—©ğ—”,https://www.instagram.com/groova.arg,,,,RÃ­o Negro,Bariloche,RÃ­o Negro,6,Ramo,No,2020-10-10T03:55:03.000Z,ğ—šğ—¥ğ—¢ğ—¢ğ—©ğ—” Comunidad á´œÉ´á´…á´‡Ê€É¢Ê€á´á´œÉ´á´… á´á´œêœ±Éªá´„ á´„á´á´á´á´œÉ´Éªá´›Ê á´˜á´€á´›á´€É¢á´É´Éªá´€, á´€Ê€É¢á´‡É´á´›ÉªÉ´á´€ â›°ï¸
underbeatsession,UnderBeat Session,https://www.instagram.com/underbeatsession,No,Si,no,CÃ³rdoba,CÃ³rdoba,CÃ³rdoba,6,Vila,No,2024-05-30T22:55:55.000Z,UnderBeat Session Arte Productora de eventos de mÃºsica electrÃ³nica ğŸ‡¦ğŸ‡· Esto no es una fiesta, es una experiencia ğŸ’® NEXT: 19/6 @chillistreetclub www.youtube.com/watch?v=DsQ_AUIjbFo
sonoramusicarg,SONORA,https://www.instagram.com/sonoramusicarg,No,No,si,Buenos Aires,CABA,CABA | GBA,5,Vila,No,2024-04-29T16:09:57.000Z,SONORA ğŸŒš @hozho 31.05 @palacioalsina.ba ğŸŒš @realcosmicgate 29.06 @club.amkba linktr.ee/sonoramusicarg
crossingsouthpr,Crossing South Producciones,https://www.instagram.com/crossingsouthpr,,,,RÃ­o Negro,Viedma,RÃ­o Negro,7,Ramo,SÃ­,2024-05-09T20:37:48.000Z,Crossing South Producciones PROGRESSIVE â™¥ï¸ . . 01.06 | @rocioportillof - @nico.cambareri Viedma, RÃ­o Negro . . 12.07 | @lopezhouse_live ğŸ‡ªğŸ‡¸ - @nico.cambareri Viedma, RÃ­o Negro centralticket.net/CrossingSouth + 1
edenproducciones.ofc,ğ„ğƒğ„ğ,https://www.instagram.com/edenproducciones.ofc,,,,Buenos Aires,CABA,CABA | GBA,6,Ramo,SÃ­,2024-06-02T20:24:41.000Z,ğ„ğƒğ„ğ Comunidad Ğ²Î¹Ñ”Î·Î½Ñ”Î·Î¹âˆ‚ÏƒÑ• Î± Ñ”âˆ‚Ñ”Î· Â£DEN producciones | Cultura electrÃ³nica ğŸ¬ğŸµ/ğŸ¬ğŸ² - @edenproducciones.ofc x @undergate.oficial ğŸ–¤ linktr.ee/edenproducciones
groova.arg,Groova,https://www.instagram.com/groova.arg/,,,,RÃ­o Negro,Bariloche,RÃ­o Negro,6,Ramo,No,2020-10-10T03:55:03.000Z,ğ—šğ—¥ğ—¢ğ—¢ğ—©ğ—” Comunidad á´œÉ´á´…á´‡Ê€É¢Ê€á´á´œÉ´á´… á´á´œêœ±Éªá´„ á´„á´á´á´á´œÉ´Éªá´›Ê á´˜á´€á´›á´€É¢á´É´Éªá´€, á´€Ê€É¢á´‡É´á´›ÉªÉ´á´€ â›°ï¸
oeste_techno,OESTE TECHNO,https://www.instagram.com/oeste_techno,,,,Buenos Aires,GBA,CABA | GBA,4,Ramo,No,2024-02-01T21:24:11.000Z,OESTE TECHNO Planificador de eventos ğŸ´Ciclo / Prod / SINCE 2019 ğŸ“BUENOS AIRES sites.google.com/view/ot-agencia/inicio
laplayaok,La Playa Festival,https://www.instagram.com/laplayaok/,,,,RÃ­o Negro,Bariloche,RÃ­o Negro,4,Ramo,No,2024-05-23T16:12:43.000Z,La Playa Festival ğŸªğŸ•º 19.JUN @laferiafestival ğŸ† ğŸŒ´ 29.JUN MIAMI @helloshyft ğŸ–ï¸ğŸ–ï¸ 20 JUN TBC â„ï¸ ğŸ”ï¸ 27.JUL BARILOCHE @ciclic_community linktr.ee/laplayaok
vision.festival,VISION,https://www.instagram.com/vision.festival,,,,Patagonia,Patagonia,RÃ­o Negro,7,Ramo,SÃ­,2024-05-29T15:59:25.000Z,VISION Productora de los eventos electrÃ³nicos mÃ¡s grandes de La Patagonia - 06.06 - Massano (Ãºltimos 03.06 15hs) 29.06 - Paces Raros-Deep Mariano Tickets â¬‡ï¸ biolink.info/vision.festival
ruerevesmusic,Rue ReÌ‚ves,https://www.instagram.com/ruerevesmusic,,,,Buenos Aires,Mar del Plata,Mar del Plata,4,Facu,SÃ­,2024-05-30T20:09:35.000Z,Rue ReÌ‚ves Productor musical 20.6 | @mihai_popoviciu at @club_quba 20.7 | DÃ­a del Amigo at @only_normandina | @coeus_ofc | @stjepanek_ acortar.link/DLOT0o + 1
groove.2.0,âš¡ï¸ Sundays 2.0 by GROOVE,https://www.instagram.com/groove.2.0,,,,Buenos Aires,CABA,CABA | GBA,9,Facu,SÃ­,2024-05-26T20:07:00.000Z,âš¡ï¸ Sundays 2.0 by GROOVE groove.2.0 ğŸ‘ŠğŸ» OrganizaciÃ³n General: @polaullua ğŸª© Domingos Medianoche #TechHouse ğŸ“ Av. Santa Fe 4389 . Palermo . CABA ğŸ‡¦ğŸ‡· â¤µï¸ Ingresos FREE en PASSLINE ğŸ« wa.link/n0d7rz + 2
club132official,Club 132,https://www.instagram.com/club132official,Si,No,no,Misiones,IguazÃº,Misiones,6,Vila,SÃ­,2024-04-25T21:24:24.000Z,Club 132 Discoteca y club nocturno â–ªï¸â–ªï¸Club de MÃºsica ElectrÃ³nicaâ–ªï¸â–ªï¸ ğŸ“ IguazÃº - Mnes. Resident Dj @ernesto_tosh
xsclub.oficial,Â¢â„“Ï…Ğ² ğ—ğ’,https://www.instagram.com/xsclub.oficial,Si,No,no,Buenos Aires,CABA,CABA | GBA,5,Vila,SÃ­,2024-05-29T19:04:09.000Z,Â¢â„“Ï…Ğ² ğ—ğ’ Discoteca y club nocturno ğ” ğ”©ğ”¬ğ”°ğ”¢ ğ”¶ğ”¬ğ”²ğ”¯ ğ”¢ğ”¶ğ”¢ğ”°, ğ”¢ğ”«ğ”§ğ”¬ğ”¶ ğ”±ğ”¥ğ”¢ ğ”ªğ”ğ”¡ğ”«ğ”¢ğ”°ğ”° âŒ Next Date: Viernes 31 de Mayo âš¡ï¸CARNAL Rooftop Avenida Niceto Vega 5511, Buenos Aires, Argentina
style.sound,StyleSound,https://www.instagram.com/style.sound,Si,No,no,Buenos Aires,CABA,CABA | GBA,6,Vila,SÃ­,2024-05-31T15:47:45.000Z,StyleSound style.sound Arte y entretenimiento 15/6 La BibliotecağŸ“— 13/7 La Biblioteca ğŸ“š 3/8 ğŸ›¸ 24/8 ğŸ“• 7/9 ğŸ© 14/9 ğŸ“• 19/10ğŸ“– 23/11ğŸ“• 14/12 ğŸ˜ Link de accesos ğŸ‘‡ğŸ» linktr.ee/style.sound20
4getprods,4GET Producciones,https://www.instagram.com/4getprods,Si,No,si,Santa Fe,Santa Fe,Santa Fe | ParanÃ¡,8,Vila,SÃ­,2024-06-03T15:47:10.000Z,4GET Producciones Comunidad Productora de MÃºsica ElectrÃ³nica desde 2014 ğŸ« tickets ğŸ‘‡ 08.06.24 @rafacalello @rigzz._ 22.06.24 @blancahmusic @camiriccidj 20.07.24 @yottomusic www.ticketland.com.ar
roswellofc,R O S W E L L,https://www.instagram.com/roswellofc,,,,Mendoza,Mendoza,Mendoza,3,Ramo,No,2024-03-05T00:17:20.000Z,R O S W E L L Arte y entretenimiento we are creators of experiences ğŸ›¸ Next Landing ğŸ‘½ğŸŒâ¤ï¸ 06/04 San Rafael, Mendoza ğŸ“ linktr.ee/roswellofc
dharma.producciones,ğƒğ¡ğšğ«ğ¦ğš ğğ«ğ¨ğğ®ğœğœğ¢ğ¨ğ§ğğ¬,https://www.instagram.com/dharma.producciones,,,,RÃ­o Negro,RÃ­o Negro,RÃ­o Negro,5,Ramo,SÃ­,2024-05-25T15:57:57.000Z,ğƒğ¡ğšğ«ğ¦ğš ğğ«ğ¨ğğ®ğœğœğ¢ğ¨ğ§ğğ¬ ğ‚ğ¢ğœğ¥ğ¨ ğ’ğ®ğ«ğÃ±ğ¨ ğğ ğŒğ®ğ¬ğ¢ğœğš ğ„ğ¥ğğœğ­ğ«ğ¨ğ§ğ¢ğœğš ~ Next Date ~ â€¼ï¸ ../../24 ğŸ¤« ğŸ“Patagonia, Argentina ğŸ”ï¸
moonlight.asu,Moonlight,https://www.instagram.com/moonlight.asu,Si,No,no,Buenos Aires,CABA,CABA | GBA,4,Vila,SÃ­,2024-05-27T17:39:43.000Z,Moonlight Sinergia minimalista entre la sofisticaciÃ³n de la luna y la magia del baile. ğŸ”œ sÃ¡bado 29 de junio en @labiblioteca.ba â¬‡ï¸ tickets www.passline.com/eventos/la-biblioteca-moonlight-sabado-2906
